clave,nombre,estado,miniatura,foto
Albahaca Genovesa Maceta|Verde|S,albahaca-genovesa-maceta-verde-s,provisional,https://jeronimosanchez.github.io/petal/fotos/mini/albahaca-genovesa-maceta-verde-s.jpg?v=7e5c5dc0,https://jeronimosanchez.github.io/petal/fotos/grande/albahaca-genovesa-maceta-verde-s.webp?v=7e5c5dc0
Aloe Vera Mini|Verde|S,aloe-vera-mini-verde-s,final,https://jeronimosanchez.github.io/petal/fotos/mini/aloe-vera-mini-verde-s.jpg?v=763c8387,https://jeronimosanchez.github.io/petal/fotos/grande/aloe-vera-mini-verde-s.webp?v=763c8387
Anthurium|Blanco|Único,anthurium-blanco-unico,final,https://jeronimosanchez.github.io/petal/fotos/mini/anthurium-blanco-unico.jpg?v=d2b168f5,https://jeronimosanchez.github.io/petal/fotos/grande/anthurium-blanco-unico.webp?v=d2b168f5
Anthurium|Rojo|Único,anthurium-rojo-unico,final,https://jeronimosanchez.github.io/petal/fotos/mini/anthurium-rojo-unico.jpg?v=5308cdbe,https://jeronimosanchez.github.io/petal/fotos/grande/anthurium-rojo-unico.webp?v=5308cdbe
Arco Floral Boda Girasoles y Margaritas|Amarillo y Blanco|XL,arco-floral-boda-girasoles-y-margaritas-amarillo-y-blanco-xl,final,https://jeronimosanchez.github.io/petal/fotos/mini/arco-floral-boda-girasoles-y-margaritas-amarillo-y-blanco-xl.jpg?v=5a37e08d,https://jeronimosanchez.github.io/petal/fotos/grande/arco-floral-boda-girasoles-y-margaritas-amarillo-y-blanco-xl.webp?v=5a37e08d
Arco Floral Boda Rosas y Eucalipto|Rosa y Verde|XL,arco-floral-boda-rosas-y-eucalipto-rosa-y-verde-xl,final,https://jeronimosanchez.github.io/petal/fotos/mini/arco-floral-boda-rosas-y-eucalipto-rosa-y-verde-xl.jpg?v=e777efc5,https://jeronimosanchez.github.io/petal/fotos/grande/arco-floral-boda-rosas-y-eucalipto-rosa-y-verde-xl.webp?v=e777efc5
Arreglo Condolencias Lujo|Blanco|L,arreglo-condolencias-lujo-blanco-l,final,https://jeronimosanchez.github.io/petal/fotos/mini/arreglo-condolencias-lujo-blanco-l.jpg?v=dcfabc30,https://jeronimosanchez.github.io/petal/fotos/grande/arreglo-condolencias-lujo-blanco-l.webp?v=dcfabc30
Arreglo Floral|Blanco y Verde|M,arreglo-floral-blanco-y-verde-m,final,https://jeronimosanchez.github.io/petal/fotos/mini/arreglo-floral-blanco-y-verde-m.jpg?v=11439dee,https://jeronimosanchez.github.io/petal/fotos/grande/arreglo-floral-blanco-y-verde-m.webp?v=11439dee
Arreglo Floral Eventos|Multicolor|S,arreglo-floral-eventos-multicolor-s,final,https://jeronimosanchez.github.io/petal/fotos/mini/arreglo-floral-eventos-multicolor-s.jpg?v=139380a3,https://jeronimosanchez.github.io/petal/fotos/grande/arreglo-floral-eventos-multicolor-s.webp?v=139380a3
Arreglo Floral Eventos|Multicolor|M,arreglo-floral-eventos-multicolor-m,final,https://jeronimosanchez.github.io/petal/fotos/mini/arreglo-floral-eventos-multicolor-m.jpg?v=c53ce256,https://jeronimosanchez.github.io/petal/fotos/grande/arreglo-floral-eventos-multicolor-m.webp?v=c53ce256
Arreglo Floral Eventos|Multicolor|L,arreglo-floral-eventos-multicolor-l,final,https://jeronimosanchez.github.io/petal/fotos/mini/arreglo-floral-eventos-multicolor-l.jpg?v=5e8d775d,https://jeronimosanchez.github.io/petal/fotos/grande/arreglo-floral-eventos-multicolor-l.webp?v=5e8d775d
Arreglo Orquídeas|Multicolor|M,arreglo-orquideas-multicolor-m,provisional,https://jeronimosanchez.github.io/petal/fotos/mini/arreglo-orquideas-multicolor-m.jpg?v=781df976,https://jeronimosanchez.github.io/petal/fotos/grande/arreglo-orquideas-multicolor-m.webp?v=781df976
Arreglo Orquídeas|Multicolor|L,arreglo-orquideas-multicolor-l,final,https://jeronimosanchez.github.io/petal/fotos/mini/arreglo-orquideas-multicolor-l.jpg?v=d04fc83a,https://jeronimosanchez.github.io/petal/fotos/grande/arreglo-orquideas-multicolor-l.webp?v=d04fc83a
Arreglo Peonías|Rosa|M,arreglo-peonias-rosa-m,final,https://jeronimosanchez.github.io/petal/fotos/mini/arreglo-peonias-rosa-m.jpg?v=6ffe5638,https://jeronimosanchez.github.io/petal/fotos/grande/arreglo-peonias-rosa-m.webp?v=6ffe5638
Arreglo Primavera Flores Silvestres|Multicolor|S,arreglo-primavera-flores-silvestres-multicolor-s,provisional,https://jeronimosanchez.github.io/petal/fotos/mini/arreglo-primavera-flores-silvestres-multicolor-s.jpg?v=d1ac285d,https://jeronimosanchez.github.io/petal/fotos/grande/arreglo-primavera-flores-silvestres-multicolor-s.webp?v=d1ac285d
Arreglo Tropical Anthurium|Rojo|M,arreglo-tropical-anthurium-rojo-m,provisional,https://jeronimosanchez.github.io/petal/fotos/mini/arreglo-tropical-anthurium-rojo-m.jpg?v=6834f064,https://jeronimosanchez.github.io/petal/fotos/grande/arreglo-tropical-anthurium-rojo-m.webp?v=6834f064
Arreglo Verano Lavanda Provenzal|Morado|S,arreglo-verano-lavanda-provenzal-morado-s,final,https://jeronimosanchez.github.io/petal/fotos/mini/arreglo-verano-lavanda-provenzal-morado-s.jpg?v=60bde191,https://jeronimosanchez.github.io/petal/fotos/grande/arreglo-verano-lavanda-provenzal-morado-s.webp?v=60bde191
Aspidistra|Verde|L,aspidistra-verde-l,provisional,https://jeronimosanchez.github.io/petal/fotos/mini/aspidistra-verde-l.jpg?v=722a9fbd,https://jeronimosanchez.github.io/petal/fotos/grande/aspidistra-verde-l.webp?v=722a9fbd
Begonia Maculata|Verde|M,begonia-maculata-verde-m,provisional,https://jeronimosanchez.github.io/petal/fotos/mini/begonia-maculata-verde-m.jpg?v=e5b8cff5,https://jeronimosanchez.github.io/petal/fotos/grande/begonia-maculata-verde-m.webp?v=e5b8cff5
Bonsái Acer Palmatum|Verde|L,bonsai-acer-palmatum-verde-l,provisional,https://jeronimosanchez.github.io/petal/fotos/mini/bonsai-acer-palmatum-verde-l.jpg?v=652ff672,https://jeronimosanchez.github.io/petal/fotos/grande/bonsai-acer-palmatum-verde-l.webp?v=652ff672
Bonsái Ficus Retusa|Verde|L,bonsai-ficus-retusa-verde-l,provisional,https://jeronimosanchez.github.io/petal/fotos/mini/bonsai-ficus-retusa-verde-l.jpg?v=790c55fc,https://jeronimosanchez.github.io/petal/fotos/grande/bonsai-ficus-retusa-verde-l.webp?v=790c55fc
Bonsái Olmo Chino|Verde|L,bonsai-olmo-chino-verde-l,provisional,https://jeronimosanchez.github.io/petal/fotos/mini/bonsai-olmo-chino-verde-l.jpg?v=1a0f1765,https://jeronimosanchez.github.io/petal/fotos/grande/bonsai-olmo-chino-verde-l.webp?v=1a0f1765
Bouquet de Novia Vintage|Blanco y Rosa|L,bouquet-de-novia-vintage-blanco-y-rosa-l,final,https://jeronimosanchez.github.io/petal/fotos/mini/bouquet-de-novia-vintage-blanco-y-rosa-l.jpg?v=2c8ab57c,https://jeronimosanchez.github.io/petal/fotos/grande/bouquet-de-novia-vintage-blanco-y-rosa-l.webp?v=2c8ab57c
Boutonniere Claveles|Blanco|Único,boutonniere-claveles-blanco-unico,final,https://jeronimosanchez.github.io/petal/fotos/mini/boutonniere-claveles-blanco-unico.jpg?v=38a1a0f8,https://jeronimosanchez.github.io/petal/fotos/grande/boutonniere-claveles-blanco-unico.webp?v=38a1a0f8
Boutonniere Rosas|Rojo|Único,boutonniere-rosas-rojo-unico,final,https://jeronimosanchez.github.io/petal/fotos/mini/boutonniere-rosas-rojo-unico.jpg?v=d2bbd3ce,https://jeronimosanchez.github.io/petal/fotos/grande/boutonniere-rosas-rojo-unico.webp?v=d2bbd3ce
Buganvilla Maceta|Verde|L,buganvilla-maceta-verde-l,final,https://jeronimosanchez.github.io/petal/fotos/mini/buganvilla-maceta-verde-l.jpg?v=a8b32df4,https://jeronimosanchez.github.io/petal/fotos/grande/buganvilla-maceta-verde-l.webp?v=a8b32df4
Cactus Echinocactus|Verde|M,cactus-echinocactus-verde-m,final,https://jeronimosanchez.github.io/petal/fotos/mini/cactus-echinocactus-verde-m.jpg?v=b9be4521,https://jeronimosanchez.github.io/petal/fotos/grande/cactus-echinocactus-verde-m.webp?v=b9be4521
Cactus Opuntia|Verde|M,cactus-opuntia-verde-m,final,https://jeronimosanchez.github.io/petal/fotos/mini/cactus-opuntia-verde-m.jpg?v=b9be4521,https://jeronimosanchez.github.io/petal/fotos/grande/cactus-opuntia-verde-m.webp?v=b9be4521
Caja Rosas Preservadas Deluxe|Rojo|L,caja-rosas-preservadas-deluxe-rojo-l,final,https://jeronimosanchez.github.io/petal/fotos/mini/caja-rosas-preservadas-deluxe-rojo-l.jpg?v=1741d318,https://jeronimosanchez.github.io/petal/fotos/grande/caja-rosas-preservadas-deluxe-rojo-l.webp?v=1741d318
Calathea Medallion|Verde|M,calathea-medallion-verde-m,provisional,https://jeronimosanchez.github.io/petal/fotos/mini/calathea-medallion-verde-m.jpg?v=072c1f64,https://jeronimosanchez.github.io/petal/fotos/grande/calathea-medallion-verde-m.webp?v=072c1f64
Centro Funerario Vertical|Blanco|L,centro-funerario-vertical-blanco-l,final,https://jeronimosanchez.github.io/petal/fotos/mini/centro-funerario-vertical-blanco-l.jpg?v=2b40794b,https://jeronimosanchez.github.io/petal/fotos/grande/centro-funerario-vertical-blanco-l.webp?v=2b40794b
Centro Invierno Ramas Nevadas|Blanco|S,centro-invierno-ramas-nevadas-blanco-s,final,https://jeronimosanchez.github.io/petal/fotos/mini/centro-invierno-ramas-nevadas-blanco-s.jpg?v=077fee04,https://jeronimosanchez.github.io/petal/fotos/grande/centro-invierno-ramas-nevadas-blanco-s.webp?v=077fee04
Centro Otoño Calabaza|Naranja|M,centro-otono-calabaza-naranja-m,final,https://jeronimosanchez.github.io/petal/fotos/mini/centro-otono-calabaza-naranja-m.jpg?v=ce1a269d,https://jeronimosanchez.github.io/petal/fotos/grande/centro-otono-calabaza-naranja-m.webp?v=ce1a269d
Centro de Mesa Boda Eucalipto|Verde|S,centro-de-mesa-boda-eucalipto-verde-s,final,https://jeronimosanchez.github.io/petal/fotos/mini/centro-de-mesa-boda-eucalipto-verde-s.jpg?v=5df4ccc2,https://jeronimosanchez.github.io/petal/fotos/grande/centro-de-mesa-boda-eucalipto-verde-s.webp?v=5df4ccc2
Centro de Mesa Boda Eucalipto|Verde|M,centro-de-mesa-boda-eucalipto-verde-m,final,https://jeronimosanchez.github.io/petal/fotos/mini/centro-de-mesa-boda-eucalipto-verde-m.jpg?v=506f2e29,https://jeronimosanchez.github.io/petal/fotos/grande/centro-de-mesa-boda-eucalipto-verde-m.webp?v=506f2e29
Centro de Mesa Boda Hortensias|Azul|S,centro-de-mesa-boda-hortensias-azul-s,final,https://jeronimosanchez.github.io/petal/fotos/mini/centro-de-mesa-boda-hortensias-azul-s.jpg?v=51fa2f47,https://jeronimosanchez.github.io/petal/fotos/grande/centro-de-mesa-boda-hortensias-azul-s.webp?v=51fa2f47
Centro de Mesa Boda Hortensias|Azul|M,centro-de-mesa-boda-hortensias-azul-m,final,https://jeronimosanchez.github.io/petal/fotos/mini/centro-de-mesa-boda-hortensias-azul-m.jpg?v=868bdc3b,https://jeronimosanchez.github.io/petal/fotos/grande/centro-de-mesa-boda-hortensias-azul-m.webp?v=868bdc3b
Centro de Mesa Boda Peonías|Rosa|S,centro-de-mesa-boda-peonias-rosa-s,final,https://jeronimosanchez.github.io/petal/fotos/mini/centro-de-mesa-boda-peonias-rosa-s.jpg?v=37dcafb6,https://jeronimosanchez.github.io/petal/fotos/grande/centro-de-mesa-boda-peonias-rosa-s.webp?v=37dcafb6
Centro de Mesa Boda Peonías|Rosa|M,centro-de-mesa-boda-peonias-rosa-m,final,https://jeronimosanchez.github.io/petal/fotos/mini/centro-de-mesa-boda-peonias-rosa-m.jpg?v=98e5edd4,https://jeronimosanchez.github.io/petal/fotos/grande/centro-de-mesa-boda-peonias-rosa-m.webp?v=98e5edd4
Centro de Mesa Boda Rosas|Blanco|S,centro-de-mesa-boda-rosas-blanco-s,final,https://jeronimosanchez.github.io/petal/fotos/mini/centro-de-mesa-boda-rosas-blanco-s.jpg?v=894f230f,https://jeronimosanchez.github.io/petal/fotos/grande/centro-de-mesa-boda-rosas-blanco-s.webp?v=894f230f
Centro de Mesa Boda Rosas|Blanco|M,centro-de-mesa-boda-rosas-blanco-m,final,https://jeronimosanchez.github.io/petal/fotos/mini/centro-de-mesa-boda-rosas-blanco-m.jpg?v=6a87cbf3,https://jeronimosanchez.github.io/petal/fotos/grande/centro-de-mesa-boda-rosas-blanco-m.webp?v=6a87cbf3
Centro de Mesa Navideño|Verde y Rojo|M,centro-de-mesa-navideno-verde-y-rojo-m,provisional,https://jeronimosanchez.github.io/petal/fotos/mini/centro-de-mesa-navideno-verde-y-rojo-m.jpg?v=8e201b0f,https://jeronimosanchez.github.io/petal/fotos/grande/centro-de-mesa-navideno-verde-y-rojo-m.webp?v=8e201b0f
Centro de Mesa Orquídeas|Blanco|S,centro-de-mesa-orquideas-blanco-s,final,https://jeronimosanchez.github.io/petal/fotos/mini/centro-de-mesa-orquideas-blanco-s.jpg?v=685df437,https://jeronimosanchez.github.io/petal/fotos/grande/centro-de-mesa-orquideas-blanco-s.webp?v=685df437
Centro de Mesa Orquídeas|Blanco|M,centro-de-mesa-orquideas-blanco-m,final,https://jeronimosanchez.github.io/petal/fotos/mini/centro-de-mesa-orquideas-blanco-m.jpg?v=05f2aa5d,https://jeronimosanchez.github.io/petal/fotos/grande/centro-de-mesa-orquideas-blanco-m.webp?v=05f2aa5d
Centro de Mesa Rosas y Eucalipto|Rosa y Verde|S,centro-de-mesa-rosas-y-eucalipto-rosa-y-verde-s,provisional,https://jeronimosanchez.github.io/petal/fotos/mini/centro-de-mesa-rosas-y-eucalipto-rosa-y-verde-s.jpg?v=e17f4b2c,https://jeronimosanchez.github.io/petal/fotos/grande/centro-de-mesa-rosas-y-eucalipto-rosa-y-verde-s.webp?v=e17f4b2c
Centro de Mesa Rosas y Eucalipto|Rosa y Verde|M,centro-de-mesa-rosas-y-eucalipto-rosa-y-verde-m,final,https://jeronimosanchez.github.io/petal/fotos/mini/centro-de-mesa-rosas-y-eucalipto-rosa-y-verde-m.jpg?v=fa342ae2,https://jeronimosanchez.github.io/petal/fotos/grande/centro-de-mesa-rosas-y-eucalipto-rosa-y-verde-m.webp?v=fa342ae2
Centro de Mesa Tulipanes|Multicolor|S,centro-de-mesa-tulipanes-multicolor-s,final,https://jeronimosanchez.github.io/petal/fotos/mini/centro-de-mesa-tulipanes-multicolor-s.jpg?v=86b4c601,https://jeronimosanchez.github.io/petal/fotos/grande/centro-de-mesa-tulipanes-multicolor-s.webp?v=86b4c601
Cesta Primavera Jacintos Aromáticos|Multicolor|M,cesta-primavera-jacintos-aromaticos-multicolor-m,provisional,https://jeronimosanchez.github.io/petal/fotos/mini/cesta-primavera-jacintos-aromaticos-multicolor-m.jpg?v=904bdbb3,https://jeronimosanchez.github.io/petal/fotos/grande/cesta-primavera-jacintos-aromaticos-multicolor-m.webp?v=904bdbb3
Cesta Verano Margaritas Campo|Blanco y Amarillo|S,cesta-verano-margaritas-campo-blanco-y-amarillo-s,provisional,https://jeronimosanchez.github.io/petal/fotos/mini/cesta-verano-margaritas-campo-blanco-y-amarillo-s.jpg?v=a7cea033,https://jeronimosanchez.github.io/petal/fotos/grande/cesta-verano-margaritas-campo-blanco-y-amarillo-s.webp?v=a7cea033
Cesta de Flores Silvestres|Multicolor|S,cesta-de-flores-silvestres-multicolor-s,final,https://jeronimosanchez.github.io/petal/fotos/mini/cesta-de-flores-silvestres-multicolor-s.jpg?v=c62f221a,https://jeronimosanchez.github.io/petal/fotos/grande/cesta-de-flores-silvestres-multicolor-s.webp?v=c62f221a
Cesta de Frutas y Flores|Multicolor|L,cesta-de-frutas-y-flores-multicolor-l,final,https://jeronimosanchez.github.io/petal/fotos/mini/cesta-de-frutas-y-flores-multicolor-l.jpg?v=80f26b1f,https://jeronimosanchez.github.io/petal/fotos/grande/cesta-de-frutas-y-flores-multicolor-l.webp?v=80f26b1f
Cesta de Margaritas Silvestres|Blanco|S,cesta-de-margaritas-silvestres-blanco-s,provisional,https://jeronimosanchez.github.io/petal/fotos/mini/cesta-de-margaritas-silvestres-blanco-s.jpg?v=3a65f452,https://jeronimosanchez.github.io/petal/fotos/grande/cesta-de-margaritas-silvestres-blanco-s.webp?v=3a65f452
Clemátide Trepadora Maceta|Verde|M,clematide-trepadora-maceta-verde-m,final,https://jeronimosanchez.github.io/petal/fotos/mini/clematide-trepadora-maceta-verde-m.jpg?v=a11401c9,https://jeronimosanchez.github.io/petal/fotos/grande/clematide-trepadora-maceta-verde-m.webp?v=a11401c9
Cojín Funerario Claveles|Blanco|L,cojin-funerario-claveles-blanco-l,final,https://jeronimosanchez.github.io/petal/fotos/mini/cojin-funerario-claveles-blanco-l.jpg?v=f147bafb,https://jeronimosanchez.github.io/petal/fotos/grande/cojin-funerario-claveles-blanco-l.webp?v=f147bafb
Cojín Funerario Rosas Blancas|Blanco|L,cojin-funerario-rosas-blancas-blanco-l,provisional,https://jeronimosanchez.github.io/petal/fotos/mini/cojin-funerario-rosas-blancas-blanco-l.jpg?v=d09cb3d8,https://jeronimosanchez.github.io/petal/fotos/grande/cojin-funerario-rosas-blancas-blanco-l.webp?v=d09cb3d8
Corona Adviento con Velas|Verde y Rojo|M,corona-adviento-con-velas-verde-y-rojo-m,final,https://jeronimosanchez.github.io/petal/fotos/mini/corona-adviento-con-velas-verde-y-rojo-m.jpg?v=44c10b5c,https://jeronimosanchez.github.io/petal/fotos/grande/corona-adviento-con-velas-verde-y-rojo-m.webp?v=44c10b5c
Corona Cabeza Flores Secas|Beige|S,corona-cabeza-flores-secas-beige-s,provisional,https://jeronimosanchez.github.io/petal/fotos/mini/corona-cabeza-flores-secas-beige-s.jpg?v=d038b91e,https://jeronimosanchez.github.io/petal/fotos/grande/corona-cabeza-flores-secas-beige-s.webp?v=d038b91e
Corona Cabeza Novia Flores Silvestres|Multicolor|S,corona-cabeza-novia-flores-silvestres-multicolor-s,final,https://jeronimosanchez.github.io/petal/fotos/mini/corona-cabeza-novia-flores-silvestres-multicolor-s.jpg?v=93883a43,https://jeronimosanchez.github.io/petal/fotos/grande/corona-cabeza-novia-flores-silvestres-multicolor-s.webp?v=93883a43
Corona Cabeza Novia Rosas|Rosa|S,corona-cabeza-novia-rosas-rosa-s,final,https://jeronimosanchez.github.io/petal/fotos/mini/corona-cabeza-novia-rosas-rosa-s.jpg?v=ebdbc909,https://jeronimosanchez.github.io/petal/fotos/grande/corona-cabeza-novia-rosas-rosa-s.webp?v=ebdbc909
Corona Funeral Gladiolos|Multicolor|M,corona-funeral-gladiolos-multicolor-m,final,https://jeronimosanchez.github.io/petal/fotos/mini/corona-funeral-gladiolos-multicolor-m.jpg?v=c65c35b6,https://jeronimosanchez.github.io/petal/fotos/grande/corona-funeral-gladiolos-multicolor-m.webp?v=c65c35b6
Corona Funeral Gladiolos|Multicolor|L,corona-funeral-gladiolos-multicolor-l,final,https://jeronimosanchez.github.io/petal/fotos/mini/corona-funeral-gladiolos-multicolor-l.jpg?v=5fc9082c,https://jeronimosanchez.github.io/petal/fotos/grande/corona-funeral-gladiolos-multicolor-l.webp?v=5fc9082c
Corona Fúnebre Claveles|Blanco|M,corona-funebre-claveles-blanco-m,final,https://jeronimosanchez.github.io/petal/fotos/mini/corona-funebre-claveles-blanco-m.jpg?v=450a8652,https://jeronimosanchez.github.io/petal/fotos/grande/corona-funebre-claveles-blanco-m.webp?v=450a8652
Corona Fúnebre Claveles|Blanco|L,corona-funebre-claveles-blanco-l,final,https://jeronimosanchez.github.io/petal/fotos/mini/corona-funebre-claveles-blanco-l.jpg?v=20e40baa,https://jeronimosanchez.github.io/petal/fotos/grande/corona-funebre-claveles-blanco-l.webp?v=20e40baa
Corona Fúnebre Clásica Rosas|Rosa|M,corona-funebre-clasica-rosas-rosa-m,final,https://jeronimosanchez.github.io/petal/fotos/mini/corona-funebre-clasica-rosas-rosa-m.jpg?v=7f4f2bd0,https://jeronimosanchez.github.io/petal/fotos/grande/corona-funebre-clasica-rosas-rosa-m.webp?v=7f4f2bd0
Corona Fúnebre Clásica Rosas|Rosa|L,corona-funebre-clasica-rosas-rosa-l,final,https://jeronimosanchez.github.io/petal/fotos/mini/corona-funebre-clasica-rosas-rosa-l.jpg?v=27d980d3,https://jeronimosanchez.github.io/petal/fotos/grande/corona-funebre-clasica-rosas-rosa-l.webp?v=27d980d3
Corona Fúnebre Lirios|Blanco|M,corona-funebre-lirios-blanco-m,final,https://jeronimosanchez.github.io/petal/fotos/mini/corona-funebre-lirios-blanco-m.jpg?v=f4f981e3,https://jeronimosanchez.github.io/petal/fotos/grande/corona-funebre-lirios-blanco-m.webp?v=f4f981e3
Corona Fúnebre Lirios|Blanco|L,corona-funebre-lirios-blanco-l,final,https://jeronimosanchez.github.io/petal/fotos/mini/corona-funebre-lirios-blanco-l.jpg?v=77f6c669,https://jeronimosanchez.github.io/petal/fotos/grande/corona-funebre-lirios-blanco-l.webp?v=77f6c669
Corona Fúnebre Lujo Especial|Blanco|L,corona-funebre-lujo-especial-blanco-l,final,https://jeronimosanchez.github.io/petal/fotos/mini/corona-funebre-lujo-especial-blanco-l.jpg?v=62b77825,https://jeronimosanchez.github.io/petal/fotos/grande/corona-funebre-lujo-especial-blanco-l.webp?v=62b77825
Corona Otoño Hojas y Bayas|Naranja|M,corona-otono-hojas-y-bayas-naranja-m,provisional,https://jeronimosanchez.github.io/petal/fotos/mini/corona-otono-hojas-y-bayas-naranja-m.jpg?v=0139e798,https://jeronimosanchez.github.io/petal/fotos/grande/corona-otono-hojas-y-bayas-naranja-m.webp?v=0139e798
Crassula Ovata (Árbol Jade)|Verde|S,crassula-ovata-arbol-jade-verde-s,provisional,https://jeronimosanchez.github.io/petal/fotos/mini/crassula-ovata-arbol-jade-verde-s.jpg?v=009390d5,https://jeronimosanchez.github.io/petal/fotos/grande/crassula-ovata-arbol-jade-verde-s.webp?v=009390d5
Cruz de Claveles y Lirios|Blanco|XL,cruz-de-claveles-y-lirios-blanco-xl,final,https://jeronimosanchez.github.io/petal/fotos/mini/cruz-de-claveles-y-lirios-blanco-xl.jpg?v=f4319604,https://jeronimosanchez.github.io/petal/fotos/grande/cruz-de-claveles-y-lirios-blanco-xl.webp?v=f4319604
Cruz de Gladiolos Blancos|Blanco|XL,cruz-de-gladiolos-blancos-blanco-xl,final,https://jeronimosanchez.github.io/petal/fotos/mini/cruz-de-gladiolos-blancos-blanco-xl.jpg?v=44808dbb,https://jeronimosanchez.github.io/petal/fotos/grande/cruz-de-gladiolos-blancos-blanco-xl.webp?v=44808dbb
Cruz de Rosas Blancas|Blanco|XL,cruz-de-rosas-blancas-blanco-xl,final,https://jeronimosanchez.github.io/petal/fotos/mini/cruz-de-rosas-blancas-blanco-xl.jpg?v=50aac0ac,https://jeronimosanchez.github.io/petal/fotos/grande/cruz-de-rosas-blancas-blanco-xl.webp?v=50aac0ac
Dalia|Amarillo|Único,dalia-amarillo-unico,final,https://jeronimosanchez.github.io/petal/fotos/mini/dalia-amarillo-unico.jpg?v=ecfcb52a,https://jeronimosanchez.github.io/petal/fotos/grande/dalia-amarillo-unico.webp?v=ecfcb52a
Dalia|Rojo|Único,dalia-rojo-unico,final,https://jeronimosanchez.github.io/petal/fotos/mini/dalia-rojo-unico.jpg?v=0660af24,https://jeronimosanchez.github.io/petal/fotos/grande/dalia-rojo-unico.webp?v=0660af24
Dalia|Rosa|Único,dalia-rosa-unico,final,https://jeronimosanchez.github.io/petal/fotos/mini/dalia-rosa-unico.jpg?v=5e398c0d,https://jeronimosanchez.github.io/petal/fotos/grande/dalia-rosa-unico.webp?v=5e398c0d
Dieffenbachia|Verde|L,dieffenbachia-verde-l,provisional,https://jeronimosanchez.github.io/petal/fotos/mini/dieffenbachia-verde-l.jpg?v=8e18b59c,https://jeronimosanchez.github.io/petal/fotos/grande/dieffenbachia-verde-l.webp?v=8e18b59c
Dracaena Marginata|Verde|L,dracaena-marginata-verde-l,provisional,https://jeronimosanchez.github.io/petal/fotos/mini/dracaena-marginata-verde-l.jpg?v=ef411949,https://jeronimosanchez.github.io/petal/fotos/grande/dracaena-marginata-verde-l.webp?v=ef411949
Echeveria Elegans|Verde|S,echeveria-elegans-verde-s,provisional,https://jeronimosanchez.github.io/petal/fotos/mini/echeveria-elegans-verde-s.jpg?v=ec9ae9bd,https://jeronimosanchez.github.io/petal/fotos/grande/echeveria-elegans-verde-s.webp?v=ec9ae9bd
Eucalipto Baby Blue|Verde Azulado|M,eucalipto-baby-blue-verde-azulado-m,final,https://jeronimosanchez.github.io/petal/fotos/mini/eucalipto-baby-blue-verde-azulado-m.jpg?v=1cf2eb69,https://jeronimosanchez.github.io/petal/fotos/grande/eucalipto-baby-blue-verde-azulado-m.webp?v=1cf2eb69
Ficus Lyrata|Verde|XL,ficus-lyrata-verde-xl,provisional,https://jeronimosanchez.github.io/petal/fotos/mini/ficus-lyrata-verde-xl.jpg?v=def5a36b,https://jeronimosanchez.github.io/petal/fotos/grande/ficus-lyrata-verde-xl.webp?v=def5a36b
Filodendro Scandens|Verde|M,filodendro-scandens-verde-m,provisional,https://jeronimosanchez.github.io/petal/fotos/mini/filodendro-scandens-verde-m.jpg?v=efba6550,https://jeronimosanchez.github.io/petal/fotos/grande/filodendro-scandens-verde-m.webp?v=efba6550
Fittonia|Blanco|S,fittonia-blanco-s,provisional,https://jeronimosanchez.github.io/petal/fotos/mini/fittonia-blanco-s.jpg?v=1db43b20,https://jeronimosanchez.github.io/petal/fotos/grande/fittonia-blanco-s.webp?v=1db43b20
Fittonia|Rojo|S,fittonia-rojo-s,provisional,https://jeronimosanchez.github.io/petal/fotos/mini/fittonia-rojo-s.jpg?v=63438e09,https://jeronimosanchez.github.io/petal/fotos/grande/fittonia-rojo-s.webp?v=63438e09
Geranio Maceta|Rojo|M,geranio-maceta-rojo-m,final,https://jeronimosanchez.github.io/petal/fotos/mini/geranio-maceta-rojo-m.jpg?v=99525426,https://jeronimosanchez.github.io/petal/fotos/grande/geranio-maceta-rojo-m.webp?v=99525426
Geranio Maceta|Rosa|M,geranio-maceta-rosa-m,provisional,https://jeronimosanchez.github.io/petal/fotos/mini/geranio-maceta-rosa-m.jpg?v=dbd76bd9,https://jeronimosanchez.github.io/petal/fotos/grande/geranio-maceta-rosa-m.webp?v=dbd76bd9
Guirnalda Flores Boda|Blanco y Verde|XL,guirnalda-flores-boda-blanco-y-verde-xl,final,https://jeronimosanchez.github.io/petal/fotos/mini/guirnalda-flores-boda-blanco-y-verde-xl.jpg?v=212d0ac5,https://jeronimosanchez.github.io/petal/fotos/grande/guirnalda-flores-boda-blanco-y-verde-xl.webp?v=212d0ac5
Guirnalda de Eucalipto|Verde|M,guirnalda-de-eucalipto-verde-m,final,https://jeronimosanchez.github.io/petal/fotos/mini/guirnalda-de-eucalipto-verde-m.jpg?v=ecb402e2,https://jeronimosanchez.github.io/petal/fotos/grande/guirnalda-de-eucalipto-verde-m.webp?v=ecb402e2
Haworthia Fasciata|Verde|S,haworthia-fasciata-verde-s,provisional,https://jeronimosanchez.github.io/petal/fotos/mini/haworthia-fasciata-verde-s.jpg?v=a311c393,https://jeronimosanchez.github.io/petal/fotos/grande/haworthia-fasciata-verde-s.webp?v=a311c393
Helecho de Boston|Verde|L,helecho-de-boston-verde-l,final,https://jeronimosanchez.github.io/petal/fotos/mini/helecho-de-boston-verde-l.jpg?v=e3bc60ba,https://jeronimosanchez.github.io/petal/fotos/grande/helecho-de-boston-verde-l.webp?v=e3bc60ba
Iris|Amarillo|Único,iris-amarillo-unico,final,https://jeronimosanchez.github.io/petal/fotos/mini/iris-amarillo-unico.jpg?v=c7705175,https://jeronimosanchez.github.io/petal/fotos/grande/iris-amarillo-unico.webp?v=c7705175
Iris|Azul|Único,iris-azul-unico,final,https://jeronimosanchez.github.io/petal/fotos/mini/iris-azul-unico.jpg?v=cfe24e38,https://jeronimosanchez.github.io/petal/fotos/grande/iris-azul-unico.webp?v=cfe24e38
Iris|Morado|Único,iris-morado-unico,final,https://jeronimosanchez.github.io/petal/fotos/mini/iris-morado-unico.jpg?v=f2797fd7,https://jeronimosanchez.github.io/petal/fotos/grande/iris-morado-unico.webp?v=f2797fd7
Jazmín Maceta|Verde|M,jazmin-maceta-verde-m,provisional,https://jeronimosanchez.github.io/petal/fotos/mini/jazmin-maceta-verde-m.jpg?v=5ee1c2c1,https://jeronimosanchez.github.io/petal/fotos/grande/jazmin-maceta-verde-m.webp?v=5ee1c2c1
Lavanda Angustifolia Maceta|Verde|M,lavanda-angustifolia-maceta-verde-m,final,https://jeronimosanchez.github.io/petal/fotos/mini/lavanda-angustifolia-maceta-verde-m.jpg?v=ec75e99d,https://jeronimosanchez.github.io/petal/fotos/grande/lavanda-angustifolia-maceta-verde-m.webp?v=ec75e99d
Maranta Tricolor|Verde|M,maranta-tricolor-verde-m,final,https://jeronimosanchez.github.io/petal/fotos/mini/maranta-tricolor-verde-m.jpg?v=85dc88cc,https://jeronimosanchez.github.io/petal/fotos/grande/maranta-tricolor-verde-m.webp?v=85dc88cc
Menta Piperita Maceta|Verde|S,menta-piperita-maceta-verde-s,provisional,https://jeronimosanchez.github.io/petal/fotos/mini/menta-piperita-maceta-verde-s.jpg?v=522bb721,https://jeronimosanchez.github.io/petal/fotos/grande/menta-piperita-maceta-verde-s.webp?v=522bb721
Monstera Deliciosa|Verde|L,monstera-deliciosa-verde-l,provisional,https://jeronimosanchez.github.io/petal/fotos/mini/monstera-deliciosa-verde-l.jpg?v=9e19a5ea,https://jeronimosanchez.github.io/petal/fotos/grande/monstera-deliciosa-verde-l.webp?v=9e19a5ea
Orquídea Phalaenopsis|Amarillo|M,orquidea-phalaenopsis-amarillo-m,final,https://jeronimosanchez.github.io/petal/fotos/mini/orquidea-phalaenopsis-amarillo-m.jpg?v=cdc29d0d,https://jeronimosanchez.github.io/petal/fotos/grande/orquidea-phalaenopsis-amarillo-m.webp?v=cdc29d0d
Orquídea Phalaenopsis|Blanco|M,orquidea-phalaenopsis-blanco-m,final,https://jeronimosanchez.github.io/petal/fotos/mini/orquidea-phalaenopsis-blanco-m.jpg?v=012544d9,https://jeronimosanchez.github.io/petal/fotos/grande/orquidea-phalaenopsis-blanco-m.webp?v=012544d9
Orquídea Phalaenopsis Gigante|Blanco|L,orquidea-phalaenopsis-gigante-blanco-l,provisional,https://jeronimosanchez.github.io/petal/fotos/mini/orquidea-phalaenopsis-gigante-blanco-l.jpg?v=ebbd5f6a,https://jeronimosanchez.github.io/petal/fotos/grande/orquidea-phalaenopsis-gigante-blanco-l.webp?v=ebbd5f6a
Orquídea Phalaenopsis|Morado|M,orquidea-phalaenopsis-morado-m,provisional,https://jeronimosanchez.github.io/petal/fotos/mini/orquidea-phalaenopsis-morado-m.jpg?v=6209ed2b,https://jeronimosanchez.github.io/petal/fotos/grande/orquidea-phalaenopsis-morado-m.webp?v=6209ed2b
Orquídea Phalaenopsis|Rosa|M,orquidea-phalaenopsis-rosa-m,final,https://jeronimosanchez.github.io/petal/fotos/mini/orquidea-phalaenopsis-rosa-m.jpg?v=a885b47b,https://jeronimosanchez.github.io/petal/fotos/grande/orquidea-phalaenopsis-rosa-m.webp?v=a885b47b
Pack Oficina Verde 3 Plantas|Verde|M,pack-oficina-verde-3-plantas-verde-m,final,https://jeronimosanchez.github.io/petal/fotos/mini/pack-oficina-verde-3-plantas-verde-m.jpg?v=b9dcf619,https://jeronimosanchez.github.io/petal/fotos/grande/pack-oficina-verde-3-plantas-verde-m.webp?v=b9dcf619
Palma Funeraria Clásica|Verde y Blanco|XL,palma-funeraria-clasica-verde-y-blanco-xl,provisional,https://jeronimosanchez.github.io/petal/fotos/mini/palma-funeraria-clasica-verde-y-blanco-xl.jpg?v=a2a24d00,https://jeronimosanchez.github.io/petal/fotos/grande/palma-funeraria-clasica-verde-y-blanco-xl.webp?v=a2a24d00
Palma Funeraria Premium|Verde y Blanco|L,palma-funeraria-premium-verde-y-blanco-l,provisional,https://jeronimosanchez.github.io/petal/fotos/mini/palma-funeraria-premium-verde-y-blanco-l.jpg?v=5171ff32,https://jeronimosanchez.github.io/petal/fotos/grande/palma-funeraria-premium-verde-y-blanco-l.webp?v=5171ff32
Palmera Areca|Verde|XL,palmera-areca-verde-xl,final,https://jeronimosanchez.github.io/petal/fotos/mini/palmera-areca-verde-xl.jpg?v=143043f7,https://jeronimosanchez.github.io/petal/fotos/grande/palmera-areca-verde-xl.webp?v=143043f7
Peperomia Caperata|Verde|S,peperomia-caperata-verde-s,provisional,https://jeronimosanchez.github.io/petal/fotos/mini/peperomia-caperata-verde-s.jpg?v=928f5c2b,https://jeronimosanchez.github.io/petal/fotos/grande/peperomia-caperata-verde-s.webp?v=928f5c2b
Petunias Colgantes Mixtas|Multicolor|M,petunias-colgantes-mixtas-multicolor-m,provisional,https://jeronimosanchez.github.io/petal/fotos/mini/petunias-colgantes-mixtas-multicolor-m.jpg?v=2228b768,https://jeronimosanchez.github.io/petal/fotos/grande/petunias-colgantes-mixtas-multicolor-m.webp?v=2228b768
Pilea Peperomioides|Verde|S,pilea-peperomioides-verde-s,provisional,https://jeronimosanchez.github.io/petal/fotos/mini/pilea-peperomioides-verde-s.jpg?v=86542da4,https://jeronimosanchez.github.io/petal/fotos/grande/pilea-peperomioides-verde-s.webp?v=86542da4
Potho Dorado Colgante|Verde|M,potho-dorado-colgante-verde-m,final,https://jeronimosanchez.github.io/petal/fotos/mini/potho-dorado-colgante-verde-m.jpg?v=3134b22e,https://jeronimosanchez.github.io/petal/fotos/grande/potho-dorado-colgante-verde-m.webp?v=3134b22e
Protea King|Rosa|Único,protea-king-rosa-unico,final,https://jeronimosanchez.github.io/petal/fotos/mini/protea-king-rosa-unico.jpg?v=96b1d7f4,https://jeronimosanchez.github.io/petal/fotos/grande/protea-king-rosa-unico.webp?v=96b1d7f4
Ramo 100 Rosas Rojas Premium|Rojo|L,ramo-100-rosas-rojas-premium-rojo-l,provisional,https://jeronimosanchez.github.io/petal/fotos/mini/ramo-100-rosas-rojas-premium-rojo-l.jpg?v=91b18984,https://jeronimosanchez.github.io/petal/fotos/grande/ramo-100-rosas-rojas-premium-rojo-l.webp?v=91b18984
Ramo Bienvenida Nuevo Hogar|Multicolor|M,ramo-bienvenida-nuevo-hogar-multicolor-m,final,https://jeronimosanchez.github.io/petal/fotos/mini/ramo-bienvenida-nuevo-hogar-multicolor-m.jpg?v=b7694053,https://jeronimosanchez.github.io/petal/fotos/grande/ramo-bienvenida-nuevo-hogar-multicolor-m.webp?v=b7694053
Ramo Blanco Pureza|Blanco|M,ramo-blanco-pureza-blanco-m,final,https://jeronimosanchez.github.io/petal/fotos/mini/ramo-blanco-pureza-blanco-m.jpg?v=2b3d720b,https://jeronimosanchez.github.io/petal/fotos/grande/ramo-blanco-pureza-blanco-m.webp?v=2b3d720b
Ramo Corporativo Sobrio|Blanco y Verde|L,ramo-corporativo-sobrio-blanco-y-verde-l,provisional,https://jeronimosanchez.github.io/petal/fotos/mini/ramo-corporativo-sobrio-blanco-y-verde-l.jpg?v=d7f2054d,https://jeronimosanchez.github.io/petal/fotos/grande/ramo-corporativo-sobrio-blanco-y-verde-l.webp?v=d7f2054d
Ramo Dama Honor Lirios|Rosa|M,ramo-dama-honor-lirios-rosa-m,final,https://jeronimosanchez.github.io/petal/fotos/mini/ramo-dama-honor-lirios-rosa-m.jpg?v=6b36f4e6,https://jeronimosanchez.github.io/petal/fotos/grande/ramo-dama-honor-lirios-rosa-m.webp?v=6b36f4e6
Ramo Día de la Madre Lirios|Blanco|L,ramo-dia-de-la-madre-lirios-blanco-l,provisional,https://jeronimosanchez.github.io/petal/fotos/mini/ramo-dia-de-la-madre-lirios-blanco-l.jpg?v=8f4a3f80,https://jeronimosanchez.github.io/petal/fotos/grande/ramo-dia-de-la-madre-lirios-blanco-l.webp?v=8f4a3f80
Ramo Día de la Madre Rosas|Rosa|L,ramo-dia-de-la-madre-rosas-rosa-l,final,https://jeronimosanchez.github.io/petal/fotos/mini/ramo-dia-de-la-madre-rosas-rosa-l.jpg?v=e9600d58,https://jeronimosanchez.github.io/petal/fotos/grande/ramo-dia-de-la-madre-rosas-rosa-l.webp?v=e9600d58
Ramo Día de la Madre Tulipanes|Multicolor|L,ramo-dia-de-la-madre-tulipanes-multicolor-l,provisional,https://jeronimosanchez.github.io/petal/fotos/mini/ramo-dia-de-la-madre-tulipanes-multicolor-l.jpg?v=db801038,https://jeronimosanchez.github.io/petal/fotos/grande/ramo-dia-de-la-madre-tulipanes-multicolor-l.webp?v=db801038
Ramo Enhorabuena Graduación|Multicolor|L,ramo-enhorabuena-graduacion-multicolor-l,final,https://jeronimosanchez.github.io/petal/fotos/mini/ramo-enhorabuena-graduacion-multicolor-l.jpg?v=bb5f32e8,https://jeronimosanchez.github.io/petal/fotos/grande/ramo-enhorabuena-graduacion-multicolor-l.webp?v=bb5f32e8
Ramo Exótico Strelitzia|Naranja y Azul|L,ramo-exotico-strelitzia-naranja-y-azul-l,provisional,https://jeronimosanchez.github.io/petal/fotos/mini/ramo-exotico-strelitzia-naranja-y-azul-l.jpg?v=673297ec,https://jeronimosanchez.github.io/petal/fotos/grande/ramo-exotico-strelitzia-naranja-y-azul-l.webp?v=673297ec
Ramo Funerario Económico|Blanco|M,ramo-funerario-economico-blanco-m,final,https://jeronimosanchez.github.io/petal/fotos/mini/ramo-funerario-economico-blanco-m.jpg?v=b6303a7f,https://jeronimosanchez.github.io/petal/fotos/grande/ramo-funerario-economico-blanco-m.webp?v=b6303a7f
Ramo Gracias Tulipanes Mix|Multicolor|M,ramo-gracias-tulipanes-mix-multicolor-m,final,https://jeronimosanchez.github.io/petal/fotos/mini/ramo-gracias-tulipanes-mix-multicolor-m.jpg?v=bde9fbef,https://jeronimosanchez.github.io/petal/fotos/grande/ramo-gracias-tulipanes-mix-multicolor-m.webp?v=bde9fbef
Ramo Mejórate Pronto|Multicolor|M,ramo-mejorate-pronto-multicolor-m,final,https://jeronimosanchez.github.io/petal/fotos/mini/ramo-mejorate-pronto-multicolor-m.jpg?v=0b12279e,https://jeronimosanchez.github.io/petal/fotos/grande/ramo-mejorate-pronto-multicolor-m.webp?v=0b12279e
Ramo Mimosa Amarilla|Amarillo|M,ramo-mimosa-amarilla-amarillo-m,final,https://jeronimosanchez.github.io/petal/fotos/mini/ramo-mimosa-amarilla-amarillo-m.jpg?v=18fbe521,https://jeronimosanchez.github.io/petal/fotos/grande/ramo-mimosa-amarilla-amarillo-m.webp?v=18fbe521
Ramo Nacimiento Bebé Azul|Azul|M,ramo-nacimiento-bebe-azul-azul-m,final,https://jeronimosanchez.github.io/petal/fotos/mini/ramo-nacimiento-bebe-azul-azul-m.jpg?v=d57fa7f4,https://jeronimosanchez.github.io/petal/fotos/grande/ramo-nacimiento-bebe-azul-azul-m.webp?v=d57fa7f4
Ramo Nacimiento Bebé Neutro|Blanco|M,ramo-nacimiento-bebe-neutro-blanco-m,final,https://jeronimosanchez.github.io/petal/fotos/mini/ramo-nacimiento-bebe-neutro-blanco-m.jpg?v=1f1023b2,https://jeronimosanchez.github.io/petal/fotos/grande/ramo-nacimiento-bebe-neutro-blanco-m.webp?v=1f1023b2
Ramo de Rosas Nacimiento Bebé|Rosa|M,ramo-de-rosas-nacimiento-bebe-rosa-m,final,https://jeronimosanchez.github.io/petal/fotos/mini/ramo-de-rosas-nacimiento-bebe-rosa-m.jpg?v=8d50dd8b,https://jeronimosanchez.github.io/petal/fotos/grande/ramo-de-rosas-nacimiento-bebe-rosa-m.webp?v=8d50dd8b
Ramo Otoño Tonos Cálidos|Naranja|M,ramo-otono-tonos-calidos-naranja-m,final,https://jeronimosanchez.github.io/petal/fotos/mini/ramo-otono-tonos-calidos-naranja-m.jpg?v=499db821,https://jeronimosanchez.github.io/petal/fotos/grande/ramo-otono-tonos-calidos-naranja-m.webp?v=499db821
Ramo Pascua Lirios|Blanco|L,ramo-pascua-lirios-blanco-l,provisional,https://jeronimosanchez.github.io/petal/fotos/mini/ramo-pascua-lirios-blanco-l.jpg?v=2e0760f0,https://jeronimosanchez.github.io/petal/fotos/grande/ramo-pascua-lirios-blanco-l.webp?v=2e0760f0
Ramo Primavera Narcisos|Amarillo|M,ramo-primavera-narcisos-amarillo-m,final,https://jeronimosanchez.github.io/petal/fotos/mini/ramo-primavera-narcisos-amarillo-m.jpg?v=bcc5d7ef,https://jeronimosanchez.github.io/petal/fotos/grande/ramo-primavera-narcisos-amarillo-m.webp?v=bcc5d7ef
Ramo Primavera Tulipanes Mix|Multicolor|M,ramo-primavera-tulipanes-mix-multicolor-m,provisional,https://jeronimosanchez.github.io/petal/fotos/mini/ramo-primavera-tulipanes-mix-multicolor-m.jpg?v=2ad6367d,https://jeronimosanchez.github.io/petal/fotos/grande/ramo-primavera-tulipanes-mix-multicolor-m.webp?v=2ad6367d
Ramo San Valentín Corazón|Rojo|L,ramo-san-valentin-corazon-rojo-l,final,https://jeronimosanchez.github.io/petal/fotos/mini/ramo-san-valentin-corazon-rojo-l.jpg?v=bb8f3888,https://jeronimosanchez.github.io/petal/fotos/grande/ramo-san-valentin-corazon-rojo-l.webp?v=bb8f3888
Ramo San Valentín Rosas|Rojo|XL,ramo-san-valentin-rosas-rojo-xl,provisional,https://jeronimosanchez.github.io/petal/fotos/mini/ramo-san-valentin-rosas-rojo-xl.jpg?v=11a03147,https://jeronimosanchez.github.io/petal/fotos/grande/ramo-san-valentin-rosas-rojo-xl.webp?v=11a03147
Ramo Verano Girasoles|Amarillo|L,ramo-verano-girasoles-amarillo-l,provisional,https://jeronimosanchez.github.io/petal/fotos/mini/ramo-verano-girasoles-amarillo-l.jpg?v=05c14fe8,https://jeronimosanchez.github.io/petal/fotos/grande/ramo-verano-girasoles-amarillo-l.webp?v=05c14fe8
Ramo de Anémonas|Blanco|S,ramo-de-anemonas-blanco-s,final,https://jeronimosanchez.github.io/petal/fotos/mini/ramo-de-anemonas-blanco-s.jpg?v=157ab252,https://jeronimosanchez.github.io/petal/fotos/grande/ramo-de-anemonas-blanco-s.webp?v=157ab252
Ramo de Anémonas|Blanco|M,ramo-de-anemonas-blanco-m,final,https://jeronimosanchez.github.io/petal/fotos/mini/ramo-de-anemonas-blanco-m.jpg?v=7dfb78ba,https://jeronimosanchez.github.io/petal/fotos/grande/ramo-de-anemonas-blanco-m.webp?v=7dfb78ba
Ramo de Anémonas|Blanco|L,ramo-de-anemonas-blanco-l,provisional,https://jeronimosanchez.github.io/petal/fotos/mini/ramo-de-anemonas-blanco-l.jpg?v=9ea41833,https://jeronimosanchez.github.io/petal/fotos/grande/ramo-de-anemonas-blanco-l.webp?v=9ea41833
Ramo de Anémonas|Morado|S,ramo-de-anemonas-morado-s,final,https://jeronimosanchez.github.io/petal/fotos/mini/ramo-de-anemonas-morado-s.jpg?v=e35a7207,https://jeronimosanchez.github.io/petal/fotos/grande/ramo-de-anemonas-morado-s.webp?v=e35a7207
Ramo de Anémonas|Morado|M,ramo-de-anemonas-morado-m,final,https://jeronimosanchez.github.io/petal/fotos/mini/ramo-de-anemonas-morado-m.jpg?v=dcb82d16,https://jeronimosanchez.github.io/petal/fotos/grande/ramo-de-anemonas-morado-m.webp?v=dcb82d16
Ramo de Anémonas|Morado|L,ramo-de-anemonas-morado-l,final,https://jeronimosanchez.github.io/petal/fotos/mini/ramo-de-anemonas-morado-l.jpg?v=ca4ef147,https://jeronimosanchez.github.io/petal/fotos/grande/ramo-de-anemonas-morado-l.webp?v=ca4ef147
Ramo de Anémonas|Rosa|S,ramo-de-anemonas-rosa-s,final,https://jeronimosanchez.github.io/petal/fotos/mini/ramo-de-anemonas-rosa-s.jpg?v=d5b4f274,https://jeronimosanchez.github.io/petal/fotos/grande/ramo-de-anemonas-rosa-s.webp?v=d5b4f274
Ramo de Anémonas|Rosa|M,ramo-de-anemonas-rosa-m,final,https://jeronimosanchez.github.io/petal/fotos/mini/ramo-de-anemonas-rosa-m.jpg?v=d854159c,https://jeronimosanchez.github.io/petal/fotos/grande/ramo-de-anemonas-rosa-m.webp?v=d854159c
Ramo de Anémonas|Rosa|L,ramo-de-anemonas-rosa-l,final,https://jeronimosanchez.github.io/petal/fotos/mini/ramo-de-anemonas-rosa-l.jpg?v=14efd969,https://jeronimosanchez.github.io/petal/fotos/grande/ramo-de-anemonas-rosa-l.webp?v=14efd969
Ramo de Astromelias|Blanco|S,ramo-de-astromelias-blanco-s,final,https://jeronimosanchez.github.io/petal/fotos/mini/ramo-de-astromelias-blanco-s.jpg?v=e73241c6,https://jeronimosanchez.github.io/petal/fotos/grande/ramo-de-astromelias-blanco-s.webp?v=e73241c6
Ramo de Astromelias|Blanco|M,ramo-de-astromelias-blanco-m,final,https://jeronimosanchez.github.io/petal/fotos/mini/ramo-de-astromelias-blanco-m.jpg?v=adec5680,https://jeronimosanchez.github.io/petal/fotos/grande/ramo-de-astromelias-blanco-m.webp?v=adec5680
Ramo de Astromelias|Blanco|L,ramo-de-astromelias-blanco-l,final,https://jeronimosanchez.github.io/petal/fotos/mini/ramo-de-astromelias-blanco-l.jpg?v=fe90d6f8,https://jeronimosanchez.github.io/petal/fotos/grande/ramo-de-astromelias-blanco-l.webp?v=fe90d6f8
Ramo de Astromelias|Multicolor|S,ramo-de-astromelias-multicolor-s,provisional,https://jeronimosanchez.github.io/petal/fotos/mini/ramo-de-astromelias-multicolor-s.jpg?v=77fb1b74,https://jeronimosanchez.github.io/petal/fotos/grande/ramo-de-astromelias-multicolor-s.webp?v=77fb1b74
Ramo de Astromelias|Multicolor|M,ramo-de-astromelias-multicolor-m,provisional,https://jeronimosanchez.github.io/petal/fotos/mini/ramo-de-astromelias-multicolor-m.jpg?v=f2dcbd46,https://jeronimosanchez.github.io/petal/fotos/grande/ramo-de-astromelias-multicolor-m.webp?v=f2dcbd46
Ramo de Astromelias|Multicolor|L,ramo-de-astromelias-multicolor-l,provisional,https://jeronimosanchez.github.io/petal/fotos/mini/ramo-de-astromelias-multicolor-l.jpg?v=5184e731,https://jeronimosanchez.github.io/petal/fotos/grande/ramo-de-astromelias-multicolor-l.webp?v=5184e731
Ramo de Astromelias|Naranja|S,ramo-de-astromelias-naranja-s,final,https://jeronimosanchez.github.io/petal/fotos/mini/ramo-de-astromelias-naranja-s.jpg?v=340461b9,https://jeronimosanchez.github.io/petal/fotos/grande/ramo-de-astromelias-naranja-s.webp?v=340461b9
Ramo de Astromelias|Naranja|M,ramo-de-astromelias-naranja-m,provisional,https://jeronimosanchez.github.io/petal/fotos/mini/ramo-de-astromelias-naranja-m.jpg?v=5f76d984,https://jeronimosanchez.github.io/petal/fotos/grande/ramo-de-astromelias-naranja-m.webp?v=5f76d984
Ramo de Astromelias|Naranja|L,ramo-de-astromelias-naranja-l,final,https://jeronimosanchez.github.io/petal/fotos/mini/ramo-de-astromelias-naranja-l.jpg?v=963044a3,https://jeronimosanchez.github.io/petal/fotos/grande/ramo-de-astromelias-naranja-l.webp?v=963044a3
Ramo de Astromelias|Rosa|S,ramo-de-astromelias-rosa-s,final,https://jeronimosanchez.github.io/petal/fotos/mini/ramo-de-astromelias-rosa-s.jpg?v=6cffa7e8,https://jeronimosanchez.github.io/petal/fotos/grande/ramo-de-astromelias-rosa-s.webp?v=6cffa7e8
Ramo de Astromelias|Rosa|M,ramo-de-astromelias-rosa-m,final,https://jeronimosanchez.github.io/petal/fotos/mini/ramo-de-astromelias-rosa-m.jpg?v=5f60fee7,https://jeronimosanchez.github.io/petal/fotos/grande/ramo-de-astromelias-rosa-m.webp?v=5f60fee7
Ramo de Astromelias|Rosa|L,ramo-de-astromelias-rosa-l,final,https://jeronimosanchez.github.io/petal/fotos/mini/ramo-de-astromelias-rosa-l.jpg?v=5fa2b17c,https://jeronimosanchez.github.io/petal/fotos/grande/ramo-de-astromelias-rosa-l.webp?v=5fa2b17c
Ramo de Azucenas|Blanco|S,ramo-de-azucenas-blanco-s,final,https://jeronimosanchez.github.io/petal/fotos/mini/ramo-de-azucenas-blanco-s.jpg?v=150c3669,https://jeronimosanchez.github.io/petal/fotos/grande/ramo-de-azucenas-blanco-s.webp?v=150c3669
Ramo de Azucenas|Blanco|M,ramo-de-azucenas-blanco-m,final,https://jeronimosanchez.github.io/petal/fotos/mini/ramo-de-azucenas-blanco-m.jpg?v=3b269acb,https://jeronimosanchez.github.io/petal/fotos/grande/ramo-de-azucenas-blanco-m.webp?v=3b269acb
Ramo de Azucenas|Blanco|L,ramo-de-azucenas-blanco-l,provisional,https://jeronimosanchez.github.io/petal/fotos/mini/ramo-de-azucenas-blanco-l.jpg?v=e3437434,https://jeronimosanchez.github.io/petal/fotos/grande/ramo-de-azucenas-blanco-l.webp?v=e3437434
Ramo de Azucenas|Naranja|S,ramo-de-azucenas-naranja-s,final,https://jeronimosanchez.github.io/petal/fotos/mini/ramo-de-azucenas-naranja-s.jpg?v=2df84a1c,https://jeronimosanchez.github.io/petal/fotos/grande/ramo-de-azucenas-naranja-s.webp?v=2df84a1c
Ramo de Azucenas|Naranja|M,ramo-de-azucenas-naranja-m,provisional,https://jeronimosanchez.github.io/petal/fotos/mini/ramo-de-azucenas-naranja-m.jpg?v=05dc5814,https://jeronimosanchez.github.io/petal/fotos/grande/ramo-de-azucenas-naranja-m.webp?v=05dc5814
Ramo de Azucenas|Naranja|L,ramo-de-azucenas-naranja-l,provisional,https://jeronimosanchez.github.io/petal/fotos/mini/ramo-de-azucenas-naranja-l.jpg?v=ef0e724e,https://jeronimosanchez.github.io/petal/fotos/grande/ramo-de-azucenas-naranja-l.webp?v=ef0e724e
Ramo de Azucenas|Rosa|S,ramo-de-azucenas-rosa-s,final,https://jeronimosanchez.github.io/petal/fotos/mini/ramo-de-azucenas-rosa-s.jpg?v=2163d3ab,https://jeronimosanchez.github.io/petal/fotos/grande/ramo-de-azucenas-rosa-s.webp?v=2163d3ab
Ramo de Azucenas|Rosa|M,ramo-de-azucenas-rosa-m,final,https://jeronimosanchez.github.io/petal/fotos/mini/ramo-de-azucenas-rosa-m.jpg?v=58e30788,https://jeronimosanchez.github.io/petal/fotos/grande/ramo-de-azucenas-rosa-m.webp?v=58e30788
Ramo de Azucenas|Rosa|L,ramo-de-azucenas-rosa-l,provisional,https://jeronimosanchez.github.io/petal/fotos/mini/ramo-de-azucenas-rosa-l.jpg?v=98859526,https://jeronimosanchez.github.io/petal/fotos/grande/ramo-de-azucenas-rosa-l.webp?v=98859526
Ramo de Calas|Amarillo|S,ramo-de-calas-amarillo-s,final,https://jeronimosanchez.github.io/petal/fotos/mini/ramo-de-calas-amarillo-s.jpg?v=2c5ace5f,https://jeronimosanchez.github.io/petal/fotos/grande/ramo-de-calas-amarillo-s.webp?v=2c5ace5f
Ramo de Calas|Amarillo|M,ramo-de-calas-amarillo-m,final,https://jeronimosanchez.github.io/petal/fotos/mini/ramo-de-calas-amarillo-m.jpg?v=dc82ea42,https://jeronimosanchez.github.io/petal/fotos/grande/ramo-de-calas-amarillo-m.webp?v=dc82ea42
Ramo de Calas|Amarillo|L,ramo-de-calas-amarillo-l,final,https://jeronimosanchez.github.io/petal/fotos/mini/ramo-de-calas-amarillo-l.jpg?v=8df8b73f,https://jeronimosanchez.github.io/petal/fotos/grande/ramo-de-calas-amarillo-l.webp?v=8df8b73f
Ramo de Calas|Blanco|S,ramo-de-calas-blanco-s,final,https://jeronimosanchez.github.io/petal/fotos/mini/ramo-de-calas-blanco-s.jpg?v=940f877c,https://jeronimosanchez.github.io/petal/fotos/grande/ramo-de-calas-blanco-s.webp?v=940f877c
Ramo de Calas|Blanco|M,ramo-de-calas-blanco-m,provisional,https://jeronimosanchez.github.io/petal/fotos/mini/ramo-de-calas-blanco-m.jpg?v=759a9196,https://jeronimosanchez.github.io/petal/fotos/grande/ramo-de-calas-blanco-m.webp?v=759a9196
Ramo de Calas|Blanco|L,ramo-de-calas-blanco-l,final,https://jeronimosanchez.github.io/petal/fotos/mini/ramo-de-calas-blanco-l.jpg?v=81d091f9,https://jeronimosanchez.github.io/petal/fotos/grande/ramo-de-calas-blanco-l.webp?v=81d091f9
Ramo de Calas|Morado|S,ramo-de-calas-morado-s,final,https://jeronimosanchez.github.io/petal/fotos/mini/ramo-de-calas-morado-s.jpg?v=43e44bbe,https://jeronimosanchez.github.io/petal/fotos/grande/ramo-de-calas-morado-s.webp?v=43e44bbe
Ramo de Calas|Morado|M,ramo-de-calas-morado-m,final,https://jeronimosanchez.github.io/petal/fotos/mini/ramo-de-calas-morado-m.jpg?v=e8668ed1,https://jeronimosanchez.github.io/petal/fotos/grande/ramo-de-calas-morado-m.webp?v=e8668ed1
Ramo de Calas|Morado|L,ramo-de-calas-morado-l,final,https://jeronimosanchez.github.io/petal/fotos/mini/ramo-de-calas-morado-l.jpg?v=96b6e1c4,https://jeronimosanchez.github.io/petal/fotos/grande/ramo-de-calas-morado-l.webp?v=96b6e1c4
Ramo de Claveles|Amarillo|S,ramo-de-claveles-amarillo-s,provisional,https://jeronimosanchez.github.io/petal/fotos/mini/ramo-de-claveles-amarillo-s.jpg?v=1787d850,https://jeronimosanchez.github.io/petal/fotos/grande/ramo-de-claveles-amarillo-s.webp?v=1787d850
Ramo de Claveles|Amarillo|M,ramo-de-claveles-amarillo-m,final,https://jeronimosanchez.github.io/petal/fotos/mini/ramo-de-claveles-amarillo-m.jpg?v=d392b580,https://jeronimosanchez.github.io/petal/fotos/grande/ramo-de-claveles-amarillo-m.webp?v=d392b580
Ramo de Claveles|Amarillo|L,ramo-de-claveles-amarillo-l,final,https://jeronimosanchez.github.io/petal/fotos/mini/ramo-de-claveles-amarillo-l.jpg?v=6e0e619e,https://jeronimosanchez.github.io/petal/fotos/grande/ramo-de-claveles-amarillo-l.webp?v=6e0e619e
Ramo de Claveles|Blanco|S,ramo-de-claveles-blanco-s,final,https://jeronimosanchez.github.io/petal/fotos/mini/ramo-de-claveles-blanco-s.jpg?v=2ba4efde,https://jeronimosanchez.github.io/petal/fotos/grande/ramo-de-claveles-blanco-s.webp?v=2ba4efde
Ramo de Claveles|Blanco|M,ramo-de-claveles-blanco-m,final,https://jeronimosanchez.github.io/petal/fotos/mini/ramo-de-claveles-blanco-m.jpg?v=e6f4141e,https://jeronimosanchez.github.io/petal/fotos/grande/ramo-de-claveles-blanco-m.webp?v=e6f4141e
Ramo de Claveles|Blanco|L,ramo-de-claveles-blanco-l,final,https://jeronimosanchez.github.io/petal/fotos/mini/ramo-de-claveles-blanco-l.jpg?v=66f84d7d,https://jeronimosanchez.github.io/petal/fotos/grande/ramo-de-claveles-blanco-l.webp?v=66f84d7d
Ramo de Claveles|Multicolor|S,ramo-de-claveles-multicolor-s,provisional,https://jeronimosanchez.github.io/petal/fotos/mini/ramo-de-claveles-multicolor-s.jpg?v=7ea2ae9b,https://jeronimosanchez.github.io/petal/fotos/grande/ramo-de-claveles-multicolor-s.webp?v=7ea2ae9b
Ramo de Claveles|Multicolor|M,ramo-de-claveles-multicolor-m,provisional,https://jeronimosanchez.github.io/petal/fotos/mini/ramo-de-claveles-multicolor-m.jpg?v=5408b343,https://jeronimosanchez.github.io/petal/fotos/grande/ramo-de-claveles-multicolor-m.webp?v=5408b343
Ramo de Claveles|Multicolor|L,ramo-de-claveles-multicolor-l,provisional,https://jeronimosanchez.github.io/petal/fotos/mini/ramo-de-claveles-multicolor-l.jpg?v=53420a21,https://jeronimosanchez.github.io/petal/fotos/grande/ramo-de-claveles-multicolor-l.webp?v=53420a21
Ramo de Claveles|Rojo|S,ramo-de-claveles-rojo-s,provisional,https://jeronimosanchez.github.io/petal/fotos/mini/ramo-de-claveles-rojo-s.jpg?v=672f5032,https://jeronimosanchez.github.io/petal/fotos/grande/ramo-de-claveles-rojo-s.webp?v=672f5032
Ramo de Claveles|Rojo|M,ramo-de-claveles-rojo-m,provisional,https://jeronimosanchez.github.io/petal/fotos/mini/ramo-de-claveles-rojo-m.jpg?v=19ae6d6e,https://jeronimosanchez.github.io/petal/fotos/grande/ramo-de-claveles-rojo-m.webp?v=19ae6d6e
Ramo de Claveles|Rojo|L,ramo-de-claveles-rojo-l,provisional,https://jeronimosanchez.github.io/petal/fotos/mini/ramo-de-claveles-rojo-l.jpg?v=f001dc0d,https://jeronimosanchez.github.io/petal/fotos/grande/ramo-de-claveles-rojo-l.webp?v=f001dc0d
Ramo de Claveles|Rosa|S,ramo-de-claveles-rosa-s,final,https://jeronimosanchez.github.io/petal/fotos/mini/ramo-de-claveles-rosa-s.jpg?v=5eeab339,https://jeronimosanchez.github.io/petal/fotos/grande/ramo-de-claveles-rosa-s.webp?v=5eeab339
Ramo de Claveles|Rosa|M,ramo-de-claveles-rosa-m,final,https://jeronimosanchez.github.io/petal/fotos/mini/ramo-de-claveles-rosa-m.jpg?v=ae665d5b,https://jeronimosanchez.github.io/petal/fotos/grande/ramo-de-claveles-rosa-m.webp?v=ae665d5b
Ramo de Claveles|Rosa|L,ramo-de-claveles-rosa-l,final,https://jeronimosanchez.github.io/petal/fotos/mini/ramo-de-claveles-rosa-l.jpg?v=033b3643,https://jeronimosanchez.github.io/petal/fotos/grande/ramo-de-claveles-rosa-l.webp?v=033b3643
Ramo de Crisantemos|Amarillo|S,ramo-de-crisantemos-amarillo-s,final,https://jeronimosanchez.github.io/petal/fotos/mini/ramo-de-crisantemos-amarillo-s.jpg?v=6603dba8,https://jeronimosanchez.github.io/petal/fotos/grande/ramo-de-crisantemos-amarillo-s.webp?v=6603dba8
Ramo de Crisantemos|Amarillo|M,ramo-de-crisantemos-amarillo-m,final,https://jeronimosanchez.github.io/petal/fotos/mini/ramo-de-crisantemos-amarillo-m.jpg?v=17dce650,https://jeronimosanchez.github.io/petal/fotos/grande/ramo-de-crisantemos-amarillo-m.webp?v=17dce650
Ramo de Crisantemos|Amarillo|L,ramo-de-crisantemos-amarillo-l,final,https://jeronimosanchez.github.io/petal/fotos/mini/ramo-de-crisantemos-amarillo-l.jpg?v=5bb7fa01,https://jeronimosanchez.github.io/petal/fotos/grande/ramo-de-crisantemos-amarillo-l.webp?v=5bb7fa01
Ramo de Crisantemos|Blanco|S,ramo-de-crisantemos-blanco-s,final,https://jeronimosanchez.github.io/petal/fotos/mini/ramo-de-crisantemos-blanco-s.jpg?v=7a27fbff,https://jeronimosanchez.github.io/petal/fotos/grande/ramo-de-crisantemos-blanco-s.webp?v=7a27fbff
Ramo de Crisantemos|Blanco|M,ramo-de-crisantemos-blanco-m,final,https://jeronimosanchez.github.io/petal/fotos/mini/ramo-de-crisantemos-blanco-m.jpg?v=b70375de,https://jeronimosanchez.github.io/petal/fotos/grande/ramo-de-crisantemos-blanco-m.webp?v=b70375de
Ramo de Crisantemos|Blanco|L,ramo-de-crisantemos-blanco-l,final,https://jeronimosanchez.github.io/petal/fotos/mini/ramo-de-crisantemos-blanco-l.jpg?v=47e6684d,https://jeronimosanchez.github.io/petal/fotos/grande/ramo-de-crisantemos-blanco-l.webp?v=47e6684d
Ramo de Crisantemos|Multicolor|S,ramo-de-crisantemos-multicolor-s,provisional,https://jeronimosanchez.github.io/petal/fotos/mini/ramo-de-crisantemos-multicolor-s.jpg?v=13475ac5,https://jeronimosanchez.github.io/petal/fotos/grande/ramo-de-crisantemos-multicolor-s.webp?v=13475ac5
Ramo de Crisantemos|Multicolor|M,ramo-de-crisantemos-multicolor-m,provisional,https://jeronimosanchez.github.io/petal/fotos/mini/ramo-de-crisantemos-multicolor-m.jpg?v=23f4f762,https://jeronimosanchez.github.io/petal/fotos/grande/ramo-de-crisantemos-multicolor-m.webp?v=23f4f762
Ramo de Crisantemos|Multicolor|L,ramo-de-crisantemos-multicolor-l,final,https://jeronimosanchez.github.io/petal/fotos/mini/ramo-de-crisantemos-multicolor-l.jpg?v=1883ef54,https://jeronimosanchez.github.io/petal/fotos/grande/ramo-de-crisantemos-multicolor-l.webp?v=1883ef54
Ramo de Crisantemos|Naranja|S,ramo-de-crisantemos-naranja-s,provisional,https://jeronimosanchez.github.io/petal/fotos/mini/ramo-de-crisantemos-naranja-s.jpg?v=bca7efb4,https://jeronimosanchez.github.io/petal/fotos/grande/ramo-de-crisantemos-naranja-s.webp?v=bca7efb4
Ramo de Crisantemos|Naranja|M,ramo-de-crisantemos-naranja-m,provisional,https://jeronimosanchez.github.io/petal/fotos/mini/ramo-de-crisantemos-naranja-m.jpg?v=c1e51662,https://jeronimosanchez.github.io/petal/fotos/grande/ramo-de-crisantemos-naranja-m.webp?v=c1e51662
Ramo de Crisantemos|Naranja|L,ramo-de-crisantemos-naranja-l,final,https://jeronimosanchez.github.io/petal/fotos/mini/ramo-de-crisantemos-naranja-l.jpg?v=19984523,https://jeronimosanchez.github.io/petal/fotos/grande/ramo-de-crisantemos-naranja-l.webp?v=19984523
Ramo de Crisantemos|Rojo|S,ramo-de-crisantemos-rojo-s,final,https://jeronimosanchez.github.io/petal/fotos/mini/ramo-de-crisantemos-rojo-s.jpg?v=488ec0d2,https://jeronimosanchez.github.io/petal/fotos/grande/ramo-de-crisantemos-rojo-s.webp?v=488ec0d2
Ramo de Crisantemos|Rojo|M,ramo-de-crisantemos-rojo-m,final,https://jeronimosanchez.github.io/petal/fotos/mini/ramo-de-crisantemos-rojo-m.jpg?v=09a0ae05,https://jeronimosanchez.github.io/petal/fotos/grande/ramo-de-crisantemos-rojo-m.webp?v=09a0ae05
Ramo de Crisantemos|Rojo|L,ramo-de-crisantemos-rojo-l,final,https://jeronimosanchez.github.io/petal/fotos/mini/ramo-de-crisantemos-rojo-l.jpg?v=361a4572,https://jeronimosanchez.github.io/petal/fotos/grande/ramo-de-crisantemos-rojo-l.webp?v=361a4572
Ramo de Delphinium|Azul|S,ramo-de-delphinium-azul-s,provisional,https://jeronimosanchez.github.io/petal/fotos/mini/ramo-de-delphinium-azul-s.jpg?v=6d6075ff,https://jeronimosanchez.github.io/petal/fotos/grande/ramo-de-delphinium-azul-s.webp?v=6d6075ff
Ramo de Delphinium|Azul|M,ramo-de-delphinium-azul-m,provisional,https://jeronimosanchez.github.io/petal/fotos/mini/ramo-de-delphinium-azul-m.jpg?v=cb2f16e4,https://jeronimosanchez.github.io/petal/fotos/grande/ramo-de-delphinium-azul-m.webp?v=cb2f16e4
Ramo de Delphinium|Azul|L,ramo-de-delphinium-azul-l,provisional,https://jeronimosanchez.github.io/petal/fotos/mini/ramo-de-delphinium-azul-l.jpg?v=f7ca2cdf,https://jeronimosanchez.github.io/petal/fotos/grande/ramo-de-delphinium-azul-l.webp?v=f7ca2cdf
Ramo de Delphinium|Blanco|S,ramo-de-delphinium-blanco-s,provisional,https://jeronimosanchez.github.io/petal/fotos/mini/ramo-de-delphinium-blanco-s.jpg?v=77fe7b50,https://jeronimosanchez.github.io/petal/fotos/grande/ramo-de-delphinium-blanco-s.webp?v=77fe7b50
Ramo de Delphinium|Blanco|M,ramo-de-delphinium-blanco-m,provisional,https://jeronimosanchez.github.io/petal/fotos/mini/ramo-de-delphinium-blanco-m.jpg?v=886c4aff,https://jeronimosanchez.github.io/petal/fotos/grande/ramo-de-delphinium-blanco-m.webp?v=886c4aff
Ramo de Delphinium|Blanco|L,ramo-de-delphinium-blanco-l,provisional,https://jeronimosanchez.github.io/petal/fotos/mini/ramo-de-delphinium-blanco-l.jpg?v=d75756a5,https://jeronimosanchez.github.io/petal/fotos/grande/ramo-de-delphinium-blanco-l.webp?v=d75756a5
Ramo de Flores Secas Vintage|Beige|M,ramo-de-flores-secas-vintage-beige-m,provisional,https://jeronimosanchez.github.io/petal/fotos/mini/ramo-de-flores-secas-vintage-beige-m.jpg?v=e559a3a4,https://jeronimosanchez.github.io/petal/fotos/grande/ramo-de-flores-secas-vintage-beige-m.webp?v=e559a3a4
Ramo de Fresias|Amarillo|S,ramo-de-fresias-amarillo-s,provisional,https://jeronimosanchez.github.io/petal/fotos/mini/ramo-de-fresias-amarillo-s.jpg?v=2071cdb5,https://jeronimosanchez.github.io/petal/fotos/grande/ramo-de-fresias-amarillo-s.webp?v=2071cdb5
Ramo de Fresias|Amarillo|M,ramo-de-fresias-amarillo-m,provisional,https://jeronimosanchez.github.io/petal/fotos/mini/ramo-de-fresias-amarillo-m.jpg?v=08291dcd,https://jeronimosanchez.github.io/petal/fotos/grande/ramo-de-fresias-amarillo-m.webp?v=08291dcd
Ramo de Fresias|Amarillo|L,ramo-de-fresias-amarillo-l,final,https://jeronimosanchez.github.io/petal/fotos/mini/ramo-de-fresias-amarillo-l.jpg?v=ab61046e,https://jeronimosanchez.github.io/petal/fotos/grande/ramo-de-fresias-amarillo-l.webp?v=ab61046e
Ramo de Fresias|Blanco|S,ramo-de-fresias-blanco-s,provisional,https://jeronimosanchez.github.io/petal/fotos/mini/ramo-de-fresias-blanco-s.jpg?v=72895453,https://jeronimosanchez.github.io/petal/fotos/grande/ramo-de-fresias-blanco-s.webp?v=72895453
Ramo de Fresias|Blanco|M,ramo-de-fresias-blanco-m,final,https://jeronimosanchez.github.io/petal/fotos/mini/ramo-de-fresias-blanco-m.jpg?v=fc45874b,https://jeronimosanchez.github.io/petal/fotos/grande/ramo-de-fresias-blanco-m.webp?v=fc45874b
Ramo de Fresias|Blanco|L,ramo-de-fresias-blanco-l,final,https://jeronimosanchez.github.io/petal/fotos/mini/ramo-de-fresias-blanco-l.jpg?v=49c83043,https://jeronimosanchez.github.io/petal/fotos/grande/ramo-de-fresias-blanco-l.webp?v=49c83043
Ramo de Fresias|Multicolor|S,ramo-de-fresias-multicolor-s,final,https://jeronimosanchez.github.io/petal/fotos/mini/ramo-de-fresias-multicolor-s.jpg?v=d88263e1,https://jeronimosanchez.github.io/petal/fotos/grande/ramo-de-fresias-multicolor-s.webp?v=d88263e1
Ramo de Fresias|Multicolor|M,ramo-de-fresias-multicolor-m,final,https://jeronimosanchez.github.io/petal/fotos/mini/ramo-de-fresias-multicolor-m.jpg?v=0e70b809,https://jeronimosanchez.github.io/petal/fotos/grande/ramo-de-fresias-multicolor-m.webp?v=0e70b809
Ramo de Fresias|Multicolor|L,ramo-de-fresias-multicolor-l,provisional,https://jeronimosanchez.github.io/petal/fotos/mini/ramo-de-fresias-multicolor-l.jpg?v=46bde055,https://jeronimosanchez.github.io/petal/fotos/grande/ramo-de-fresias-multicolor-l.webp?v=46bde055
Ramo de Fresias|Rosa|S,ramo-de-fresias-rosa-s,final,https://jeronimosanchez.github.io/petal/fotos/mini/ramo-de-fresias-rosa-s.jpg?v=23ef3917,https://jeronimosanchez.github.io/petal/fotos/grande/ramo-de-fresias-rosa-s.webp?v=23ef3917
Ramo de Fresias|Rosa|M,ramo-de-fresias-rosa-m,final,https://jeronimosanchez.github.io/petal/fotos/mini/ramo-de-fresias-rosa-m.jpg?v=23c0e75a,https://jeronimosanchez.github.io/petal/fotos/grande/ramo-de-fresias-rosa-m.webp?v=23c0e75a
Ramo de Fresias|Rosa|L,ramo-de-fresias-rosa-l,provisional,https://jeronimosanchez.github.io/petal/fotos/mini/ramo-de-fresias-rosa-l.jpg?v=19382c1d,https://jeronimosanchez.github.io/petal/fotos/grande/ramo-de-fresias-rosa-l.webp?v=19382c1d
Ramo de Gerberas|Amarillo|S,ramo-de-gerberas-amarillo-s,final,https://jeronimosanchez.github.io/petal/fotos/mini/ramo-de-gerberas-amarillo-s.jpg?v=b95f3575,https://jeronimosanchez.github.io/petal/fotos/grande/ramo-de-gerberas-amarillo-s.webp?v=b95f3575
Ramo de Gerberas|Amarillo|M,ramo-de-gerberas-amarillo-m,final,https://jeronimosanchez.github.io/petal/fotos/mini/ramo-de-gerberas-amarillo-m.jpg?v=909eeb02,https://jeronimosanchez.github.io/petal/fotos/grande/ramo-de-gerberas-amarillo-m.webp?v=909eeb02
Ramo de Gerberas|Amarillo|L,ramo-de-gerberas-amarillo-l,final,https://jeronimosanchez.github.io/petal/fotos/mini/ramo-de-gerberas-amarillo-l.jpg?v=e45a02ac,https://jeronimosanchez.github.io/petal/fotos/grande/ramo-de-gerberas-amarillo-l.webp?v=e45a02ac
Ramo de Gerberas|Blanco|S,ramo-de-gerberas-blanco-s,final,https://jeronimosanchez.github.io/petal/fotos/mini/ramo-de-gerberas-blanco-s.jpg?v=6d8e0b7f,https://jeronimosanchez.github.io/petal/fotos/grande/ramo-de-gerberas-blanco-s.webp?v=6d8e0b7f
Ramo de Gerberas|Blanco|M,ramo-de-gerberas-blanco-m,final,https://jeronimosanchez.github.io/petal/fotos/mini/ramo-de-gerberas-blanco-m.jpg?v=97c1821e,https://jeronimosanchez.github.io/petal/fotos/grande/ramo-de-gerberas-blanco-m.webp?v=97c1821e
Ramo de Gerberas|Blanco|L,ramo-de-gerberas-blanco-l,final,https://jeronimosanchez.github.io/petal/fotos/mini/ramo-de-gerberas-blanco-l.jpg?v=c000377c,https://jeronimosanchez.github.io/petal/fotos/grande/ramo-de-gerberas-blanco-l.webp?v=c000377c
Ramo de Gerberas|Multicolor|S,ramo-de-gerberas-multicolor-s,provisional,https://jeronimosanchez.github.io/petal/fotos/mini/ramo-de-gerberas-multicolor-s.jpg?v=6e59a571,https://jeronimosanchez.github.io/petal/fotos/grande/ramo-de-gerberas-multicolor-s.webp?v=6e59a571
Ramo de Gerberas|Multicolor|M,ramo-de-gerberas-multicolor-m,provisional,https://jeronimosanchez.github.io/petal/fotos/mini/ramo-de-gerberas-multicolor-m.jpg?v=04359422,https://jeronimosanchez.github.io/petal/fotos/grande/ramo-de-gerberas-multicolor-m.webp?v=04359422
Ramo de Gerberas|Multicolor|L,ramo-de-gerberas-multicolor-l,final,https://jeronimosanchez.github.io/petal/fotos/mini/ramo-de-gerberas-multicolor-l.jpg?v=f8b7292b,https://jeronimosanchez.github.io/petal/fotos/grande/ramo-de-gerberas-multicolor-l.webp?v=f8b7292b
Ramo de Gerberas|Naranja|S,ramo-de-gerberas-naranja-s,final,https://jeronimosanchez.github.io/petal/fotos/mini/ramo-de-gerberas-naranja-s.jpg?v=8f1dacbe,https://jeronimosanchez.github.io/petal/fotos/grande/ramo-de-gerberas-naranja-s.webp?v=8f1dacbe
Ramo de Gerberas|Naranja|M,ramo-de-gerberas-naranja-m,final,https://jeronimosanchez.github.io/petal/fotos/mini/ramo-de-gerberas-naranja-m.jpg?v=813823c0,https://jeronimosanchez.github.io/petal/fotos/grande/ramo-de-gerberas-naranja-m.webp?v=813823c0
Ramo de Gerberas|Naranja|L,ramo-de-gerberas-naranja-l,final,https://jeronimosanchez.github.io/petal/fotos/mini/ramo-de-gerberas-naranja-l.jpg?v=71a43287,https://jeronimosanchez.github.io/petal/fotos/grande/ramo-de-gerberas-naranja-l.webp?v=71a43287
Ramo de Gerberas|Rojo|S,ramo-de-gerberas-rojo-s,final,https://jeronimosanchez.github.io/petal/fotos/mini/ramo-de-gerberas-rojo-s.jpg?v=6179913a,https://jeronimosanchez.github.io/petal/fotos/grande/ramo-de-gerberas-rojo-s.webp?v=6179913a
Ramo de Gerberas|Rojo|M,ramo-de-gerberas-rojo-m,final,https://jeronimosanchez.github.io/petal/fotos/mini/ramo-de-gerberas-rojo-m.jpg?v=4685eacb,https://jeronimosanchez.github.io/petal/fotos/grande/ramo-de-gerberas-rojo-m.webp?v=4685eacb
Ramo de Gerberas|Rojo|L,ramo-de-gerberas-rojo-l,final,https://jeronimosanchez.github.io/petal/fotos/mini/ramo-de-gerberas-rojo-l.jpg?v=e1ff6bcb,https://jeronimosanchez.github.io/petal/fotos/grande/ramo-de-gerberas-rojo-l.webp?v=e1ff6bcb
Ramo de Gerberas|Rosa|S,ramo-de-gerberas-rosa-s,final,https://jeronimosanchez.github.io/petal/fotos/mini/ramo-de-gerberas-rosa-s.jpg?v=df3a69d2,https://jeronimosanchez.github.io/petal/fotos/grande/ramo-de-gerberas-rosa-s.webp?v=df3a69d2
Ramo de Gerberas|Rosa|M,ramo-de-gerberas-rosa-m,final,https://jeronimosanchez.github.io/petal/fotos/mini/ramo-de-gerberas-rosa-m.jpg?v=a31250c3,https://jeronimosanchez.github.io/petal/fotos/grande/ramo-de-gerberas-rosa-m.webp?v=a31250c3
Ramo de Gerberas|Rosa|L,ramo-de-gerberas-rosa-l,final,https://jeronimosanchez.github.io/petal/fotos/mini/ramo-de-gerberas-rosa-l.jpg?v=3a57b4f7,https://jeronimosanchez.github.io/petal/fotos/grande/ramo-de-gerberas-rosa-l.webp?v=3a57b4f7
Ramo de Girasoles|Amarillo|S,ramo-de-girasoles-amarillo-s,final,https://jeronimosanchez.github.io/petal/fotos/mini/ramo-de-girasoles-amarillo-s.jpg?v=23809a5e,https://jeronimosanchez.github.io/petal/fotos/grande/ramo-de-girasoles-amarillo-s.webp?v=23809a5e
Ramo de Girasoles|Amarillo|M,ramo-de-girasoles-amarillo-m,final,https://jeronimosanchez.github.io/petal/fotos/mini/ramo-de-girasoles-amarillo-m.jpg?v=506492c7,https://jeronimosanchez.github.io/petal/fotos/grande/ramo-de-girasoles-amarillo-m.webp?v=506492c7
Ramo de Girasoles|Amarillo|L,ramo-de-girasoles-amarillo-l,provisional,https://jeronimosanchez.github.io/petal/fotos/mini/ramo-de-girasoles-amarillo-l.jpg?v=c55bb17e,https://jeronimosanchez.github.io/petal/fotos/grande/ramo-de-girasoles-amarillo-l.webp?v=c55bb17e
Ramo de Gladiolos|Blanco|S,ramo-de-gladiolos-blanco-s,provisional,https://jeronimosanchez.github.io/petal/fotos/mini/ramo-de-gladiolos-blanco-s.jpg?v=297ce222,https://jeronimosanchez.github.io/petal/fotos/grande/ramo-de-gladiolos-blanco-s.webp?v=297ce222
Ramo de Gladiolos|Blanco|M,ramo-de-gladiolos-blanco-m,provisional,https://jeronimosanchez.github.io/petal/fotos/mini/ramo-de-gladiolos-blanco-m.jpg?v=0c6b26a6,https://jeronimosanchez.github.io/petal/fotos/grande/ramo-de-gladiolos-blanco-m.webp?v=0c6b26a6
Ramo de Gladiolos|Blanco|L,ramo-de-gladiolos-blanco-l,provisional,https://jeronimosanchez.github.io/petal/fotos/mini/ramo-de-gladiolos-blanco-l.jpg?v=94508295,https://jeronimosanchez.github.io/petal/fotos/grande/ramo-de-gladiolos-blanco-l.webp?v=94508295
Ramo de Gladiolos|Rojo|S,ramo-de-gladiolos-rojo-s,provisional,https://jeronimosanchez.github.io/petal/fotos/mini/ramo-de-gladiolos-rojo-s.jpg?v=9030b9ce,https://jeronimosanchez.github.io/petal/fotos/grande/ramo-de-gladiolos-rojo-s.webp?v=9030b9ce
Ramo de Gladiolos|Rojo|M,ramo-de-gladiolos-rojo-m,provisional,https://jeronimosanchez.github.io/petal/fotos/mini/ramo-de-gladiolos-rojo-m.jpg?v=62173bde,https://jeronimosanchez.github.io/petal/fotos/grande/ramo-de-gladiolos-rojo-m.webp?v=62173bde
Ramo de Gladiolos|Rojo|L,ramo-de-gladiolos-rojo-l,provisional,https://jeronimosanchez.github.io/petal/fotos/mini/ramo-de-gladiolos-rojo-l.jpg?v=6f33a7f5,https://jeronimosanchez.github.io/petal/fotos/grande/ramo-de-gladiolos-rojo-l.webp?v=6f33a7f5
Ramo de Gladiolos|Rosa|S,ramo-de-gladiolos-rosa-s,provisional,https://jeronimosanchez.github.io/petal/fotos/mini/ramo-de-gladiolos-rosa-s.jpg?v=f88ea8f9,https://jeronimosanchez.github.io/petal/fotos/grande/ramo-de-gladiolos-rosa-s.webp?v=f88ea8f9
Ramo de Gladiolos|Rosa|M,ramo-de-gladiolos-rosa-m,provisional,https://jeronimosanchez.github.io/petal/fotos/mini/ramo-de-gladiolos-rosa-m.jpg?v=09ac8aca,https://jeronimosanchez.github.io/petal/fotos/grande/ramo-de-gladiolos-rosa-m.webp?v=09ac8aca
Ramo de Gladiolos|Rosa|L,ramo-de-gladiolos-rosa-l,provisional,https://jeronimosanchez.github.io/petal/fotos/mini/ramo-de-gladiolos-rosa-l.jpg?v=3144be7b,https://jeronimosanchez.github.io/petal/fotos/grande/ramo-de-gladiolos-rosa-l.webp?v=3144be7b
Ramo de Hortensias|Azul|S,ramo-de-hortensias-azul-s,final,https://jeronimosanchez.github.io/petal/fotos/mini/ramo-de-hortensias-azul-s.jpg?v=ad5741db,https://jeronimosanchez.github.io/petal/fotos/grande/ramo-de-hortensias-azul-s.webp?v=ad5741db
Ramo de Hortensias|Azul|M,ramo-de-hortensias-azul-m,provisional,https://jeronimosanchez.github.io/petal/fotos/mini/ramo-de-hortensias-azul-m.jpg?v=4de883eb,https://jeronimosanchez.github.io/petal/fotos/grande/ramo-de-hortensias-azul-m.webp?v=4de883eb
Ramo de Hortensias|Azul|L,ramo-de-hortensias-azul-l,provisional,https://jeronimosanchez.github.io/petal/fotos/mini/ramo-de-hortensias-azul-l.jpg?v=73b8e553,https://jeronimosanchez.github.io/petal/fotos/grande/ramo-de-hortensias-azul-l.webp?v=73b8e553
Ramo de Hortensias|Blanco|S,ramo-de-hortensias-blanco-s,final,https://jeronimosanchez.github.io/petal/fotos/mini/ramo-de-hortensias-blanco-s.jpg?v=62baa1ba,https://jeronimosanchez.github.io/petal/fotos/grande/ramo-de-hortensias-blanco-s.webp?v=62baa1ba
Ramo de Hortensias|Blanco|M,ramo-de-hortensias-blanco-m,provisional,https://jeronimosanchez.github.io/petal/fotos/mini/ramo-de-hortensias-blanco-m.jpg?v=0cded640,https://jeronimosanchez.github.io/petal/fotos/grande/ramo-de-hortensias-blanco-m.webp?v=0cded640
Ramo de Hortensias|Blanco|L,ramo-de-hortensias-blanco-l,provisional,https://jeronimosanchez.github.io/petal/fotos/mini/ramo-de-hortensias-blanco-l.jpg?v=a88d0e48,https://jeronimosanchez.github.io/petal/fotos/grande/ramo-de-hortensias-blanco-l.webp?v=a88d0e48
Ramo de Hortensias|Rosa|S,ramo-de-hortensias-rosa-s,provisional,https://jeronimosanchez.github.io/petal/fotos/mini/ramo-de-hortensias-rosa-s.jpg?v=1136bfc9,https://jeronimosanchez.github.io/petal/fotos/grande/ramo-de-hortensias-rosa-s.webp?v=1136bfc9
Ramo de Hortensias|Rosa|M,ramo-de-hortensias-rosa-m,provisional,https://jeronimosanchez.github.io/petal/fotos/mini/ramo-de-hortensias-rosa-m.jpg?v=0beebd6f,https://jeronimosanchez.github.io/petal/fotos/grande/ramo-de-hortensias-rosa-m.webp?v=0beebd6f
Ramo de Hortensias|Rosa|L,ramo-de-hortensias-rosa-l,provisional,https://jeronimosanchez.github.io/petal/fotos/mini/ramo-de-hortensias-rosa-l.jpg?v=1439a8db,https://jeronimosanchez.github.io/petal/fotos/grande/ramo-de-hortensias-rosa-l.webp?v=1439a8db
Ramo de Lavanda Seca|Morado|S,ramo-de-lavanda-seca-morado-s,final,https://jeronimosanchez.github.io/petal/fotos/mini/ramo-de-lavanda-seca-morado-s.jpg?v=03c554c3,https://jeronimosanchez.github.io/petal/fotos/grande/ramo-de-lavanda-seca-morado-s.webp?v=03c554c3
Ramo de Lirios|Amarillo|S,ramo-de-lirios-amarillo-s,provisional,https://jeronimosanchez.github.io/petal/fotos/mini/ramo-de-lirios-amarillo-s.jpg?v=c70e1bba,https://jeronimosanchez.github.io/petal/fotos/grande/ramo-de-lirios-amarillo-s.webp?v=c70e1bba
Ramo de Lirios|Amarillo|M,ramo-de-lirios-amarillo-m,provisional,https://jeronimosanchez.github.io/petal/fotos/mini/ramo-de-lirios-amarillo-m.jpg?v=39f64ae9,https://jeronimosanchez.github.io/petal/fotos/grande/ramo-de-lirios-amarillo-m.webp?v=39f64ae9
Ramo de Lirios|Amarillo|L,ramo-de-lirios-amarillo-l,provisional,https://jeronimosanchez.github.io/petal/fotos/mini/ramo-de-lirios-amarillo-l.jpg?v=860113d0,https://jeronimosanchez.github.io/petal/fotos/grande/ramo-de-lirios-amarillo-l.webp?v=860113d0
Ramo de Lirios|Blanco|S,ramo-de-lirios-blanco-s,provisional,https://jeronimosanchez.github.io/petal/fotos/mini/ramo-de-lirios-blanco-s.jpg?v=5b2706f2,https://jeronimosanchez.github.io/petal/fotos/grande/ramo-de-lirios-blanco-s.webp?v=5b2706f2
Ramo de Lirios|Blanco|M,ramo-de-lirios-blanco-m,provisional,https://jeronimosanchez.github.io/petal/fotos/mini/ramo-de-lirios-blanco-m.jpg?v=5db03fd9,https://jeronimosanchez.github.io/petal/fotos/grande/ramo-de-lirios-blanco-m.webp?v=5db03fd9
Ramo de Lirios|Blanco|L,ramo-de-lirios-blanco-l,provisional,https://jeronimosanchez.github.io/petal/fotos/mini/ramo-de-lirios-blanco-l.jpg?v=4d25e97b,https://jeronimosanchez.github.io/petal/fotos/grande/ramo-de-lirios-blanco-l.webp?v=4d25e97b
Ramo de Lirios|Naranja|S,ramo-de-lirios-naranja-s,provisional,https://jeronimosanchez.github.io/petal/fotos/mini/ramo-de-lirios-naranja-s.jpg?v=f0faa03c,https://jeronimosanchez.github.io/petal/fotos/grande/ramo-de-lirios-naranja-s.webp?v=f0faa03c
Ramo de Lirios|Naranja|M,ramo-de-lirios-naranja-m,provisional,https://jeronimosanchez.github.io/petal/fotos/mini/ramo-de-lirios-naranja-m.jpg?v=b3fe0823,https://jeronimosanchez.github.io/petal/fotos/grande/ramo-de-lirios-naranja-m.webp?v=b3fe0823
Ramo de Lirios|Naranja|L,ramo-de-lirios-naranja-l,provisional,https://jeronimosanchez.github.io/petal/fotos/mini/ramo-de-lirios-naranja-l.jpg?v=e85b3f03,https://jeronimosanchez.github.io/petal/fotos/grande/ramo-de-lirios-naranja-l.webp?v=e85b3f03
Ramo de Lirios|Rosa|S,ramo-de-lirios-rosa-s,provisional,https://jeronimosanchez.github.io/petal/fotos/mini/ramo-de-lirios-rosa-s.jpg?v=2c425919,https://jeronimosanchez.github.io/petal/fotos/grande/ramo-de-lirios-rosa-s.webp?v=2c425919
Ramo de Lirios|Rosa|M,ramo-de-lirios-rosa-m,provisional,https://jeronimosanchez.github.io/petal/fotos/mini/ramo-de-lirios-rosa-m.jpg?v=2f36cace,https://jeronimosanchez.github.io/petal/fotos/grande/ramo-de-lirios-rosa-m.webp?v=2f36cace
Ramo de Lirios|Rosa|L,ramo-de-lirios-rosa-l,provisional,https://jeronimosanchez.github.io/petal/fotos/mini/ramo-de-lirios-rosa-l.jpg?v=a3d50642,https://jeronimosanchez.github.io/petal/fotos/grande/ramo-de-lirios-rosa-l.webp?v=a3d50642
Ramo de Margaritas|Amarillo|S,ramo-de-margaritas-amarillo-s,final,https://jeronimosanchez.github.io/petal/fotos/mini/ramo-de-margaritas-amarillo-s.jpg?v=26d1eff3,https://jeronimosanchez.github.io/petal/fotos/grande/ramo-de-margaritas-amarillo-s.webp?v=26d1eff3
Ramo de Margaritas|Amarillo|M,ramo-de-margaritas-amarillo-m,final,https://jeronimosanchez.github.io/petal/fotos/mini/ramo-de-margaritas-amarillo-m.jpg?v=f6239cc3,https://jeronimosanchez.github.io/petal/fotos/grande/ramo-de-margaritas-amarillo-m.webp?v=f6239cc3
Ramo de Margaritas|Amarillo|L,ramo-de-margaritas-amarillo-l,final,https://jeronimosanchez.github.io/petal/fotos/mini/ramo-de-margaritas-amarillo-l.jpg?v=029bc7c3,https://jeronimosanchez.github.io/petal/fotos/grande/ramo-de-margaritas-amarillo-l.webp?v=029bc7c3
Ramo de Margaritas|Blanco|S,ramo-de-margaritas-blanco-s,provisional,https://jeronimosanchez.github.io/petal/fotos/mini/ramo-de-margaritas-blanco-s.jpg?v=9a33b1ae,https://jeronimosanchez.github.io/petal/fotos/grande/ramo-de-margaritas-blanco-s.webp?v=9a33b1ae
Ramo de Margaritas|Blanco|M,ramo-de-margaritas-blanco-m,provisional,https://jeronimosanchez.github.io/petal/fotos/mini/ramo-de-margaritas-blanco-m.jpg?v=b17085b6,https://jeronimosanchez.github.io/petal/fotos/grande/ramo-de-margaritas-blanco-m.webp?v=b17085b6
Ramo de Margaritas|Blanco|L,ramo-de-margaritas-blanco-l,final,https://jeronimosanchez.github.io/petal/fotos/mini/ramo-de-margaritas-blanco-l.jpg?v=da746c4d,https://jeronimosanchez.github.io/petal/fotos/grande/ramo-de-margaritas-blanco-l.webp?v=da746c4d
Ramo de Margaritas|Multicolor|S,ramo-de-margaritas-multicolor-s,provisional,https://jeronimosanchez.github.io/petal/fotos/mini/ramo-de-margaritas-multicolor-s.jpg?v=89281171,https://jeronimosanchez.github.io/petal/fotos/grande/ramo-de-margaritas-multicolor-s.webp?v=89281171
Ramo de Margaritas|Multicolor|M,ramo-de-margaritas-multicolor-m,provisional,https://jeronimosanchez.github.io/petal/fotos/mini/ramo-de-margaritas-multicolor-m.jpg?v=e9faa53f,https://jeronimosanchez.github.io/petal/fotos/grande/ramo-de-margaritas-multicolor-m.webp?v=e9faa53f
Ramo de Margaritas|Multicolor|L,ramo-de-margaritas-multicolor-l,provisional,https://jeronimosanchez.github.io/petal/fotos/mini/ramo-de-margaritas-multicolor-l.jpg?v=e20db530,https://jeronimosanchez.github.io/petal/fotos/grande/ramo-de-margaritas-multicolor-l.webp?v=e20db530
Ramo de Margaritas|Naranja|S,ramo-de-margaritas-naranja-s,provisional,https://jeronimosanchez.github.io/petal/fotos/mini/ramo-de-margaritas-naranja-s.jpg?v=6ec21d67,https://jeronimosanchez.github.io/petal/fotos/grande/ramo-de-margaritas-naranja-s.webp?v=6ec21d67
Ramo de Margaritas|Naranja|M,ramo-de-margaritas-naranja-m,final,https://jeronimosanchez.github.io/petal/fotos/mini/ramo-de-margaritas-naranja-m.jpg?v=1ede6ebf,https://jeronimosanchez.github.io/petal/fotos/grande/ramo-de-margaritas-naranja-m.webp?v=1ede6ebf
Ramo de Margaritas|Naranja|L,ramo-de-margaritas-naranja-l,final,https://jeronimosanchez.github.io/petal/fotos/mini/ramo-de-margaritas-naranja-l.jpg?v=b55836a4,https://jeronimosanchez.github.io/petal/fotos/grande/ramo-de-margaritas-naranja-l.webp?v=b55836a4
Ramo de Margaritas|Rosa|S,ramo-de-margaritas-rosa-s,final,https://jeronimosanchez.github.io/petal/fotos/mini/ramo-de-margaritas-rosa-s.jpg?v=8ff9d013,https://jeronimosanchez.github.io/petal/fotos/grande/ramo-de-margaritas-rosa-s.webp?v=8ff9d013
Ramo de Margaritas|Rosa|M,ramo-de-margaritas-rosa-m,final,https://jeronimosanchez.github.io/petal/fotos/mini/ramo-de-margaritas-rosa-m.jpg?v=dc3f78ab,https://jeronimosanchez.github.io/petal/fotos/grande/ramo-de-margaritas-rosa-m.webp?v=dc3f78ab
Ramo de Margaritas|Rosa|L,ramo-de-margaritas-rosa-l,final,https://jeronimosanchez.github.io/petal/fotos/mini/ramo-de-margaritas-rosa-l.jpg?v=27498a90,https://jeronimosanchez.github.io/petal/fotos/grande/ramo-de-margaritas-rosa-l.webp?v=27498a90
Ramo de Novia Calas|Blanco|L,ramo-de-novia-calas-blanco-l,final,https://jeronimosanchez.github.io/petal/fotos/mini/ramo-de-novia-calas-blanco-l.jpg?v=5acd8cce,https://jeronimosanchez.github.io/petal/fotos/grande/ramo-de-novia-calas-blanco-l.webp?v=5acd8cce
Ramo de Novia Lirios|Blanco|L,ramo-de-novia-lirios-blanco-l,final,https://jeronimosanchez.github.io/petal/fotos/mini/ramo-de-novia-lirios-blanco-l.jpg?v=fd72d223,https://jeronimosanchez.github.io/petal/fotos/grande/ramo-de-novia-lirios-blanco-l.webp?v=fd72d223
Ramo de Novia Romántico|Multicolor|L,ramo-de-novia-romantico-multicolor-l,final,https://jeronimosanchez.github.io/petal/fotos/mini/ramo-de-novia-romantico-multicolor-l.jpg?v=e1b26ca6,https://jeronimosanchez.github.io/petal/fotos/grande/ramo-de-novia-romantico-multicolor-l.webp?v=e1b26ca6
Ramo de Novia Orquídeas|Blanco|L,ramo-de-novia-orquideas-blanco-l,final,https://jeronimosanchez.github.io/petal/fotos/mini/ramo-de-novia-orquideas-blanco-l.jpg?v=b51616ae,https://jeronimosanchez.github.io/petal/fotos/grande/ramo-de-novia-orquideas-blanco-l.webp?v=b51616ae
Ramo de Novia Peonías|Rosa|L,ramo-de-novia-peonias-rosa-l,final,https://jeronimosanchez.github.io/petal/fotos/mini/ramo-de-novia-peonias-rosa-l.jpg?v=a3396728,https://jeronimosanchez.github.io/petal/fotos/grande/ramo-de-novia-peonias-rosa-l.webp?v=a3396728
Ramo de Novia Rosas|Blanco|L,ramo-de-novia-rosas-blanco-l,final,https://jeronimosanchez.github.io/petal/fotos/mini/ramo-de-novia-rosas-blanco-l.jpg?v=a332291e,https://jeronimosanchez.github.io/petal/fotos/grande/ramo-de-novia-rosas-blanco-l.webp?v=a332291e
Ramo de Novia Tulipanes|Blanco|L,ramo-de-novia-tulipanes-blanco-l,provisional,https://jeronimosanchez.github.io/petal/fotos/mini/ramo-de-novia-tulipanes-blanco-l.jpg?v=6ced7f77,https://jeronimosanchez.github.io/petal/fotos/grande/ramo-de-novia-tulipanes-blanco-l.webp?v=6ced7f77
Ramo de Pampa Seca|Beige|L,ramo-de-pampa-seca-beige-l,provisional,https://jeronimosanchez.github.io/petal/fotos/mini/ramo-de-pampa-seca-beige-l.jpg?v=f5c7c99f,https://jeronimosanchez.github.io/petal/fotos/grande/ramo-de-pampa-seca-beige-l.webp?v=f5c7c99f
Ramo de Peonías|Blanco|S,ramo-de-peonias-blanco-s,final,https://jeronimosanchez.github.io/petal/fotos/mini/ramo-de-peonias-blanco-s.jpg?v=8f5bb185,https://jeronimosanchez.github.io/petal/fotos/grande/ramo-de-peonias-blanco-s.webp?v=8f5bb185
Ramo de Peonías|Blanco|M,ramo-de-peonias-blanco-m,final,https://jeronimosanchez.github.io/petal/fotos/mini/ramo-de-peonias-blanco-m.jpg?v=17686c08,https://jeronimosanchez.github.io/petal/fotos/grande/ramo-de-peonias-blanco-m.webp?v=17686c08
Ramo de Peonías|Blanco|L,ramo-de-peonias-blanco-l,provisional,https://jeronimosanchez.github.io/petal/fotos/mini/ramo-de-peonias-blanco-l.jpg?v=2d52ea3c,https://jeronimosanchez.github.io/petal/fotos/grande/ramo-de-peonias-blanco-l.webp?v=2d52ea3c
Ramo de Peonías|Coral|S,ramo-de-peonias-coral-s,provisional,https://jeronimosanchez.github.io/petal/fotos/mini/ramo-de-peonias-coral-s.jpg?v=c4fc9461,https://jeronimosanchez.github.io/petal/fotos/grande/ramo-de-peonias-coral-s.webp?v=c4fc9461
Ramo de Peonías|Coral|M,ramo-de-peonias-coral-m,final,https://jeronimosanchez.github.io/petal/fotos/mini/ramo-de-peonias-coral-m.jpg?v=62205a08,https://jeronimosanchez.github.io/petal/fotos/grande/ramo-de-peonias-coral-m.webp?v=62205a08
Ramo de Peonías|Coral|L,ramo-de-peonias-coral-l,provisional,https://jeronimosanchez.github.io/petal/fotos/mini/ramo-de-peonias-coral-l.jpg?v=a08f0a1c,https://jeronimosanchez.github.io/petal/fotos/grande/ramo-de-peonias-coral-l.webp?v=a08f0a1c
Ramo de Peonías|Rosa|S,ramo-de-peonias-rosa-s,final,https://jeronimosanchez.github.io/petal/fotos/mini/ramo-de-peonias-rosa-s.jpg?v=ff556aa0,https://jeronimosanchez.github.io/petal/fotos/grande/ramo-de-peonias-rosa-s.webp?v=ff556aa0
Ramo de Peonías|Rosa|M,ramo-de-peonias-rosa-m,final,https://jeronimosanchez.github.io/petal/fotos/mini/ramo-de-peonias-rosa-m.jpg?v=a721c064,https://jeronimosanchez.github.io/petal/fotos/grande/ramo-de-peonias-rosa-m.webp?v=a721c064
Ramo de Peonías|Rosa|L,ramo-de-peonias-rosa-l,provisional,https://jeronimosanchez.github.io/petal/fotos/mini/ramo-de-peonias-rosa-l.jpg?v=b1c6d6c2,https://jeronimosanchez.github.io/petal/fotos/grande/ramo-de-peonias-rosa-l.webp?v=b1c6d6c2
Ramo de Ranúnculos|Amarillo|S,ramo-de-ranunculos-amarillo-s,final,https://jeronimosanchez.github.io/petal/fotos/mini/ramo-de-ranunculos-amarillo-s.jpg?v=e3cb3acf,https://jeronimosanchez.github.io/petal/fotos/grande/ramo-de-ranunculos-amarillo-s.webp?v=e3cb3acf
Ramo de Ranúnculos|Amarillo|M,ramo-de-ranunculos-amarillo-m,final,https://jeronimosanchez.github.io/petal/fotos/mini/ramo-de-ranunculos-amarillo-m.jpg?v=74b8dfdb,https://jeronimosanchez.github.io/petal/fotos/grande/ramo-de-ranunculos-amarillo-m.webp?v=74b8dfdb
Ramo de Ranúnculos|Amarillo|L,ramo-de-ranunculos-amarillo-l,final,https://jeronimosanchez.github.io/petal/fotos/mini/ramo-de-ranunculos-amarillo-l.jpg?v=554577ea,https://jeronimosanchez.github.io/petal/fotos/grande/ramo-de-ranunculos-amarillo-l.webp?v=554577ea
Ramo de Ranúnculos|Blanco|S,ramo-de-ranunculos-blanco-s,final,https://jeronimosanchez.github.io/petal/fotos/mini/ramo-de-ranunculos-blanco-s.jpg?v=f5a4437c,https://jeronimosanchez.github.io/petal/fotos/grande/ramo-de-ranunculos-blanco-s.webp?v=f5a4437c
Ramo de Ranúnculos|Blanco|M,ramo-de-ranunculos-blanco-m,final,https://jeronimosanchez.github.io/petal/fotos/mini/ramo-de-ranunculos-blanco-m.jpg?v=4f4f7063,https://jeronimosanchez.github.io/petal/fotos/grande/ramo-de-ranunculos-blanco-m.webp?v=4f4f7063
Ramo de Ranúnculos|Blanco|L,ramo-de-ranunculos-blanco-l,final,https://jeronimosanchez.github.io/petal/fotos/mini/ramo-de-ranunculos-blanco-l.jpg?v=ff04cb65,https://jeronimosanchez.github.io/petal/fotos/grande/ramo-de-ranunculos-blanco-l.webp?v=ff04cb65
Ramo de Ranúnculos|Rojo|S,ramo-de-ranunculos-rojo-s,final,https://jeronimosanchez.github.io/petal/fotos/mini/ramo-de-ranunculos-rojo-s.jpg?v=5296de13,https://jeronimosanchez.github.io/petal/fotos/grande/ramo-de-ranunculos-rojo-s.webp?v=5296de13
Ramo de Ranúnculos|Rojo|M,ramo-de-ranunculos-rojo-m,final,https://jeronimosanchez.github.io/petal/fotos/mini/ramo-de-ranunculos-rojo-m.jpg?v=6bfd64d1,https://jeronimosanchez.github.io/petal/fotos/grande/ramo-de-ranunculos-rojo-m.webp?v=6bfd64d1
Ramo de Ranúnculos|Rojo|L,ramo-de-ranunculos-rojo-l,final,https://jeronimosanchez.github.io/petal/fotos/mini/ramo-de-ranunculos-rojo-l.jpg?v=115595d2,https://jeronimosanchez.github.io/petal/fotos/grande/ramo-de-ranunculos-rojo-l.webp?v=115595d2
Ramo de Ranúnculos|Rosa|S,ramo-de-ranunculos-rosa-s,final,https://jeronimosanchez.github.io/petal/fotos/mini/ramo-de-ranunculos-rosa-s.jpg?v=2cb11ad6,https://jeronimosanchez.github.io/petal/fotos/grande/ramo-de-ranunculos-rosa-s.webp?v=2cb11ad6
Ramo de Ranúnculos|Rosa|M,ramo-de-ranunculos-rosa-m,final,https://jeronimosanchez.github.io/petal/fotos/mini/ramo-de-ranunculos-rosa-m.jpg?v=ec49e550,https://jeronimosanchez.github.io/petal/fotos/grande/ramo-de-ranunculos-rosa-m.webp?v=ec49e550
Ramo de Ranúnculos|Rosa|L,ramo-de-ranunculos-rosa-l,final,https://jeronimosanchez.github.io/petal/fotos/mini/ramo-de-ranunculos-rosa-l.jpg?v=e0b07010,https://jeronimosanchez.github.io/petal/fotos/grande/ramo-de-ranunculos-rosa-l.webp?v=e0b07010
Ramo de Rosas|Amarillo|S,ramo-de-rosas-amarillo-s,final,https://jeronimosanchez.github.io/petal/fotos/mini/ramo-de-rosas-amarillo-s.jpg?v=86691eb0,https://jeronimosanchez.github.io/petal/fotos/grande/ramo-de-rosas-amarillo-s.webp?v=86691eb0
Ramo de Rosas|Amarillo|M,ramo-de-rosas-amarillo-m,final,https://jeronimosanchez.github.io/petal/fotos/mini/ramo-de-rosas-amarillo-m.jpg?v=80c5cd9b,https://jeronimosanchez.github.io/petal/fotos/grande/ramo-de-rosas-amarillo-m.webp?v=80c5cd9b
Ramo de Rosas|Amarillo|L,ramo-de-rosas-amarillo-l,final,https://jeronimosanchez.github.io/petal/fotos/mini/ramo-de-rosas-amarillo-l.jpg?v=45bfc898,https://jeronimosanchez.github.io/petal/fotos/grande/ramo-de-rosas-amarillo-l.webp?v=45bfc898
Ramo de Rosas|Blanco|S,ramo-de-rosas-blanco-s,final,https://jeronimosanchez.github.io/petal/fotos/mini/ramo-de-rosas-blanco-s.jpg?v=d836b9cc,https://jeronimosanchez.github.io/petal/fotos/grande/ramo-de-rosas-blanco-s.webp?v=d836b9cc
Ramo de Rosas|Blanco|M,ramo-de-rosas-blanco-m,final,https://jeronimosanchez.github.io/petal/fotos/mini/ramo-de-rosas-blanco-m.jpg?v=63067289,https://jeronimosanchez.github.io/petal/fotos/grande/ramo-de-rosas-blanco-m.webp?v=63067289
Ramo de Rosas|Blanco|L,ramo-de-rosas-blanco-l,final,https://jeronimosanchez.github.io/petal/fotos/mini/ramo-de-rosas-blanco-l.jpg?v=2d08ad32,https://jeronimosanchez.github.io/petal/fotos/grande/ramo-de-rosas-blanco-l.webp?v=2d08ad32
Ramo de Rosas|Morado|S,ramo-de-rosas-morado-s,final,https://jeronimosanchez.github.io/petal/fotos/mini/ramo-de-rosas-morado-s.jpg?v=de8d4d32,https://jeronimosanchez.github.io/petal/fotos/grande/ramo-de-rosas-morado-s.webp?v=de8d4d32
Ramo de Rosas|Morado|M,ramo-de-rosas-morado-m,final,https://jeronimosanchez.github.io/petal/fotos/mini/ramo-de-rosas-morado-m.jpg?v=522cf940,https://jeronimosanchez.github.io/petal/fotos/grande/ramo-de-rosas-morado-m.webp?v=522cf940
Ramo de Rosas|Morado|L,ramo-de-rosas-morado-l,provisional,https://jeronimosanchez.github.io/petal/fotos/mini/ramo-de-rosas-morado-l.jpg?v=dd5dc297,https://jeronimosanchez.github.io/petal/fotos/grande/ramo-de-rosas-morado-l.webp?v=dd5dc297
Ramo de Rosas|Naranja|S,ramo-de-rosas-naranja-s,final,https://jeronimosanchez.github.io/petal/fotos/mini/ramo-de-rosas-naranja-s.jpg?v=a301ad02,https://jeronimosanchez.github.io/petal/fotos/grande/ramo-de-rosas-naranja-s.webp?v=a301ad02
Ramo de Rosas|Naranja|M,ramo-de-rosas-naranja-m,final,https://jeronimosanchez.github.io/petal/fotos/mini/ramo-de-rosas-naranja-m.jpg?v=655fadfe,https://jeronimosanchez.github.io/petal/fotos/grande/ramo-de-rosas-naranja-m.webp?v=655fadfe
Ramo de Rosas|Naranja|L,ramo-de-rosas-naranja-l,final,https://jeronimosanchez.github.io/petal/fotos/mini/ramo-de-rosas-naranja-l.jpg?v=aab2482b,https://jeronimosanchez.github.io/petal/fotos/grande/ramo-de-rosas-naranja-l.webp?v=aab2482b
Ramo de Rosas|Rojo|S,ramo-de-rosas-rojo-s,final,https://jeronimosanchez.github.io/petal/fotos/mini/ramo-de-rosas-rojo-s.jpg?v=a2070da2,https://jeronimosanchez.github.io/petal/fotos/grande/ramo-de-rosas-rojo-s.webp?v=a2070da2
Ramo de Rosas|Rojo|M,ramo-de-rosas-rojo-m,final,https://jeronimosanchez.github.io/petal/fotos/mini/ramo-de-rosas-rojo-m.jpg?v=81990b94,https://jeronimosanchez.github.io/petal/fotos/grande/ramo-de-rosas-rojo-m.webp?v=81990b94
Ramo de Rosas|Rojo|L,ramo-de-rosas-rojo-l,final,https://jeronimosanchez.github.io/petal/fotos/mini/ramo-de-rosas-rojo-l.jpg?v=03fe66d7,https://jeronimosanchez.github.io/petal/fotos/grande/ramo-de-rosas-rojo-l.webp?v=03fe66d7
Ramo de Rosas|Rosa|S,ramo-de-rosas-rosa-s,provisional,https://jeronimosanchez.github.io/petal/fotos/mini/ramo-de-rosas-rosa-s.jpg?v=cdec0647,https://jeronimosanchez.github.io/petal/fotos/grande/ramo-de-rosas-rosa-s.webp?v=cdec0647
Ramo de Rosas|Rosa|M,ramo-de-rosas-rosa-m,provisional,https://jeronimosanchez.github.io/petal/fotos/mini/ramo-de-rosas-rosa-m.jpg?v=ebe77f48,https://jeronimosanchez.github.io/petal/fotos/grande/ramo-de-rosas-rosa-m.webp?v=ebe77f48
Ramo de Rosas|Rosa|L,ramo-de-rosas-rosa-l,final,https://jeronimosanchez.github.io/petal/fotos/mini/ramo-de-rosas-rosa-l.jpg?v=d23b3edc,https://jeronimosanchez.github.io/petal/fotos/grande/ramo-de-rosas-rosa-l.webp?v=d23b3edc
Ramo de Tulipanes|Amarillo|S,ramo-de-tulipanes-amarillo-s,final,https://jeronimosanchez.github.io/petal/fotos/mini/ramo-de-tulipanes-amarillo-s.jpg?v=0c6ab5d8,https://jeronimosanchez.github.io/petal/fotos/grande/ramo-de-tulipanes-amarillo-s.webp?v=0c6ab5d8
Ramo de Tulipanes|Amarillo|M,ramo-de-tulipanes-amarillo-m,final,https://jeronimosanchez.github.io/petal/fotos/mini/ramo-de-tulipanes-amarillo-m.jpg?v=bfdd80a5,https://jeronimosanchez.github.io/petal/fotos/grande/ramo-de-tulipanes-amarillo-m.webp?v=bfdd80a5
Ramo de Tulipanes|Amarillo|L,ramo-de-tulipanes-amarillo-l,final,https://jeronimosanchez.github.io/petal/fotos/mini/ramo-de-tulipanes-amarillo-l.jpg?v=677a7eb8,https://jeronimosanchez.github.io/petal/fotos/grande/ramo-de-tulipanes-amarillo-l.webp?v=677a7eb8
Ramo de Tulipanes|Blanco|S,ramo-de-tulipanes-blanco-s,final,https://jeronimosanchez.github.io/petal/fotos/mini/ramo-de-tulipanes-blanco-s.jpg?v=a6be19af,https://jeronimosanchez.github.io/petal/fotos/grande/ramo-de-tulipanes-blanco-s.webp?v=a6be19af
Ramo de Tulipanes|Blanco|M,ramo-de-tulipanes-blanco-m,provisional,https://jeronimosanchez.github.io/petal/fotos/mini/ramo-de-tulipanes-blanco-m.jpg?v=d9e4e877,https://jeronimosanchez.github.io/petal/fotos/grande/ramo-de-tulipanes-blanco-m.webp?v=d9e4e877
Ramo de Tulipanes|Blanco|L,ramo-de-tulipanes-blanco-l,final,https://jeronimosanchez.github.io/petal/fotos/mini/ramo-de-tulipanes-blanco-l.jpg?v=2859fa3b,https://jeronimosanchez.github.io/petal/fotos/grande/ramo-de-tulipanes-blanco-l.webp?v=2859fa3b
Ramo de Tulipanes|Multicolor|S,ramo-de-tulipanes-multicolor-s,final,https://jeronimosanchez.github.io/petal/fotos/mini/ramo-de-tulipanes-multicolor-s.jpg?v=d4da6be6,https://jeronimosanchez.github.io/petal/fotos/grande/ramo-de-tulipanes-multicolor-s.webp?v=d4da6be6
Ramo de Tulipanes|Multicolor|M,ramo-de-tulipanes-multicolor-m,final,https://jeronimosanchez.github.io/petal/fotos/mini/ramo-de-tulipanes-multicolor-m.jpg?v=7148964e,https://jeronimosanchez.github.io/petal/fotos/grande/ramo-de-tulipanes-multicolor-m.webp?v=7148964e
Ramo de Tulipanes|Multicolor|L,ramo-de-tulipanes-multicolor-l,provisional,https://jeronimosanchez.github.io/petal/fotos/mini/ramo-de-tulipanes-multicolor-l.jpg?v=00877d67,https://jeronimosanchez.github.io/petal/fotos/grande/ramo-de-tulipanes-multicolor-l.webp?v=00877d67
Ramo de Tulipanes|Morado|S,ramo-de-tulipanes-morado-s,final,https://jeronimosanchez.github.io/petal/fotos/mini/ramo-de-tulipanes-morado-s.jpg?v=9e14819f,https://jeronimosanchez.github.io/petal/fotos/grande/ramo-de-tulipanes-morado-s.webp?v=9e14819f
Ramo de Tulipanes|Morado|M,ramo-de-tulipanes-morado-m,final,https://jeronimosanchez.github.io/petal/fotos/mini/ramo-de-tulipanes-morado-m.jpg?v=03aca4f7,https://jeronimosanchez.github.io/petal/fotos/grande/ramo-de-tulipanes-morado-m.webp?v=03aca4f7
Ramo de Tulipanes|Morado|L,ramo-de-tulipanes-morado-l,provisional,https://jeronimosanchez.github.io/petal/fotos/mini/ramo-de-tulipanes-morado-l.jpg?v=e5af131b,https://jeronimosanchez.github.io/petal/fotos/grande/ramo-de-tulipanes-morado-l.webp?v=e5af131b
Ramo de Tulipanes|Rojo|S,ramo-de-tulipanes-rojo-s,provisional,https://jeronimosanchez.github.io/petal/fotos/mini/ramo-de-tulipanes-rojo-s.jpg?v=e14c1ccd,https://jeronimosanchez.github.io/petal/fotos/grande/ramo-de-tulipanes-rojo-s.webp?v=e14c1ccd
Ramo de Tulipanes|Rojo|M,ramo-de-tulipanes-rojo-m,final,https://jeronimosanchez.github.io/petal/fotos/mini/ramo-de-tulipanes-rojo-m.jpg?v=f90ab3f1,https://jeronimosanchez.github.io/petal/fotos/grande/ramo-de-tulipanes-rojo-m.webp?v=f90ab3f1
Ramo de Tulipanes|Rojo|L,ramo-de-tulipanes-rojo-l,final,https://jeronimosanchez.github.io/petal/fotos/mini/ramo-de-tulipanes-rojo-l.jpg?v=dd5f3578,https://jeronimosanchez.github.io/petal/fotos/grande/ramo-de-tulipanes-rojo-l.webp?v=dd5f3578
Ramo de Tulipanes|Rosa|S,ramo-de-tulipanes-rosa-s,provisional,https://jeronimosanchez.github.io/petal/fotos/mini/ramo-de-tulipanes-rosa-s.jpg?v=1af831ac,https://jeronimosanchez.github.io/petal/fotos/grande/ramo-de-tulipanes-rosa-s.webp?v=1af831ac
Ramo de Tulipanes|Rosa|M,ramo-de-tulipanes-rosa-m,final,https://jeronimosanchez.github.io/petal/fotos/mini/ramo-de-tulipanes-rosa-m.jpg?v=b977a005,https://jeronimosanchez.github.io/petal/fotos/grande/ramo-de-tulipanes-rosa-m.webp?v=b977a005
Ramo de Tulipanes|Rosa|L,ramo-de-tulipanes-rosa-l,final,https://jeronimosanchez.github.io/petal/fotos/mini/ramo-de-tulipanes-rosa-l.jpg?v=66229f82,https://jeronimosanchez.github.io/petal/fotos/grande/ramo-de-tulipanes-rosa-l.webp?v=66229f82
Romero Maceta|Verde|S,romero-maceta-verde-s,provisional,https://jeronimosanchez.github.io/petal/fotos/mini/romero-maceta-verde-s.jpg?v=1bb2b1df,https://jeronimosanchez.github.io/petal/fotos/grande/romero-maceta-verde-s.webp?v=1bb2b1df
Rosa Eterna Cúpula Cristal|Rojo|M,rosa-eterna-cupula-cristal-rojo-m,final,https://jeronimosanchez.github.io/petal/fotos/mini/rosa-eterna-cupula-cristal-rojo-m.jpg?v=db672899,https://jeronimosanchez.github.io/petal/fotos/grande/rosa-eterna-cupula-cristal-rojo-m.webp?v=db672899
Rosa Trepadora Roja|Rojo|L,rosa-trepadora-roja-rojo-l,provisional,https://jeronimosanchez.github.io/petal/fotos/mini/rosa-trepadora-roja-rojo-l.jpg?v=505931b2,https://jeronimosanchez.github.io/petal/fotos/grande/rosa-trepadora-roja-rojo-l.webp?v=505931b2
Sansevieria (Lengua Suegra)|Verde|M,sansevieria-lengua-suegra-verde-m,final,https://jeronimosanchez.github.io/petal/fotos/mini/sansevieria-lengua-suegra-verde-m.jpg?v=976262e5,https://jeronimosanchez.github.io/petal/fotos/grande/sansevieria-lengua-suegra-verde-m.webp?v=976262e5
Sedum Burrito|Verde|S,sedum-burrito-verde-s,provisional,https://jeronimosanchez.github.io/petal/fotos/mini/sedum-burrito-verde-s.jpg?v=8b79d1f9,https://jeronimosanchez.github.io/petal/fotos/grande/sedum-burrito-verde-s.webp?v=8b79d1f9
Spathiphyllum (Cuna Moisés)|Verde|M,spathiphyllum-cuna-moises-verde-m,provisional,https://jeronimosanchez.github.io/petal/fotos/mini/spathiphyllum-cuna-moises-verde-m.jpg?v=aa4da5ad,https://jeronimosanchez.github.io/petal/fotos/grande/spathiphyllum-cuna-moises-verde-m.webp?v=aa4da5ad
Terrario Cactus Redondo|Verde|S,terrario-cactus-redondo-verde-s,final,https://jeronimosanchez.github.io/petal/fotos/mini/terrario-cactus-redondo-verde-s.jpg?v=98d5b242,https://jeronimosanchez.github.io/petal/fotos/grande/terrario-cactus-redondo-verde-s.webp?v=98d5b242
Terrario Geométrico Premium|Verde|L,terrario-geometrico-premium-verde-l,provisional,https://jeronimosanchez.github.io/petal/fotos/mini/terrario-geometrico-premium-verde-l.jpg?v=b4f175ef,https://jeronimosanchez.github.io/petal/fotos/grande/terrario-geometrico-premium-verde-l.webp?v=b4f175ef
Terrario Suculentas Geométrico|Verde|S,terrario-suculentas-geometrico-verde-s,final,https://jeronimosanchez.github.io/petal/fotos/mini/terrario-suculentas-geometrico-verde-s.jpg?v=8f6ffb01,https://jeronimosanchez.github.io/petal/fotos/grande/terrario-suculentas-geometrico-verde-s.webp?v=8f6ffb01
Tomillo Limón Maceta|Verde|S,tomillo-limon-maceta-verde-s,provisional,https://jeronimosanchez.github.io/petal/fotos/mini/tomillo-limon-maceta-verde-s.jpg?v=d1b932a0,https://jeronimosanchez.github.io/petal/fotos/grande/tomillo-limon-maceta-verde-s.webp?v=d1b932a0
Zamioculca|Verde|M,zamioculca-verde-m,provisional,https://jeronimosanchez.github.io/petal/fotos/mini/zamioculca-verde-m.jpg?v=785e8dc0,https://jeronimosanchez.github.io/petal/fotos/grande/zamioculca-verde-m.webp?v=785e8dc0
Árbol de Jade|Verde|M,arbol-de-jade-verde-m,provisional,https://jeronimosanchez.github.io/petal/fotos/mini/arbol-de-jade-verde-m.jpg?v=bbff5182,https://jeronimosanchez.github.io/petal/fotos/grande/arbol-de-jade-verde-m.webp?v=bbff5182
Ramo de Lisianthus|Blanco|S,ramo-de-lisianthus-blanco-s,provisional,https://jeronimosanchez.github.io/petal/fotos/mini/ramo-de-lisianthus-blanco-s.jpg?v=0c0bb0ea,https://jeronimosanchez.github.io/petal/fotos/grande/ramo-de-lisianthus-blanco-s.webp?v=0c0bb0ea
Ramo de Lisianthus|Blanco|M,ramo-de-lisianthus-blanco-m,provisional,https://jeronimosanchez.github.io/petal/fotos/mini/ramo-de-lisianthus-blanco-m.jpg?v=64a5f2f1,https://jeronimosanchez.github.io/petal/fotos/grande/ramo-de-lisianthus-blanco-m.webp?v=64a5f2f1
Ramo de Lisianthus|Blanco|L,ramo-de-lisianthus-blanco-l,provisional,https://jeronimosanchez.github.io/petal/fotos/mini/ramo-de-lisianthus-blanco-l.jpg?v=9ead2470,https://jeronimosanchez.github.io/petal/fotos/grande/ramo-de-lisianthus-blanco-l.webp?v=9ead2470
Ramo de Lisianthus|Rosa|S,ramo-de-lisianthus-rosa-s,provisional,https://jeronimosanchez.github.io/petal/fotos/mini/ramo-de-lisianthus-rosa-s.jpg?v=2f558751,https://jeronimosanchez.github.io/petal/fotos/grande/ramo-de-lisianthus-rosa-s.webp?v=2f558751
Ramo de Lisianthus|Rosa|M,ramo-de-lisianthus-rosa-m,provisional,https://jeronimosanchez.github.io/petal/fotos/mini/ramo-de-lisianthus-rosa-m.jpg?v=db9395c5,https://jeronimosanchez.github.io/petal/fotos/grande/ramo-de-lisianthus-rosa-m.webp?v=db9395c5
Ramo de Lisianthus|Rosa|L,ramo-de-lisianthus-rosa-l,provisional,https://jeronimosanchez.github.io/petal/fotos/mini/ramo-de-lisianthus-rosa-l.jpg?v=34c71614,https://jeronimosanchez.github.io/petal/fotos/grande/ramo-de-lisianthus-rosa-l.webp?v=34c71614
Ramo de Lisianthus|Morado|S,ramo-de-lisianthus-morado-s,provisional,https://jeronimosanchez.github.io/petal/fotos/mini/ramo-de-lisianthus-morado-s.jpg?v=4d7270cf,https://jeronimosanchez.github.io/petal/fotos/grande/ramo-de-lisianthus-morado-s.webp?v=4d7270cf
Ramo de Lisianthus|Morado|M,ramo-de-lisianthus-morado-m,provisional,https://jeronimosanchez.github.io/petal/fotos/mini/ramo-de-lisianthus-morado-m.jpg?v=1f5d3f3b,https://jeronimosanchez.github.io/petal/fotos/grande/ramo-de-lisianthus-morado-m.webp?v=1f5d3f3b
Ramo de Lisianthus|Morado|L,ramo-de-lisianthus-morado-l,provisional,https://jeronimosanchez.github.io/petal/fotos/mini/ramo-de-lisianthus-morado-l.jpg?v=1a92a070,https://jeronimosanchez.github.io/petal/fotos/grande/ramo-de-lisianthus-morado-l.webp?v=1a92a070
Ramo de Lilas|Lila|S,ramo-de-lilas-lila-s,provisional,https://jeronimosanchez.github.io/petal/fotos/mini/ramo-de-lilas-lila-s.jpg?v=3475b7bb,https://jeronimosanchez.github.io/petal/fotos/grande/ramo-de-lilas-lila-s.webp?v=3475b7bb
Ramo de Lilas|Lila|M,ramo-de-lilas-lila-m,final,https://jeronimosanchez.github.io/petal/fotos/mini/ramo-de-lilas-lila-m.jpg?v=933b70ea,https://jeronimosanchez.github.io/petal/fotos/grande/ramo-de-lilas-lila-m.webp?v=933b70ea
Ramo de Lilas|Lila|L,ramo-de-lilas-lila-l,provisional,https://jeronimosanchez.github.io/petal/fotos/mini/ramo-de-lilas-lila-l.jpg?v=28341ec8,https://jeronimosanchez.github.io/petal/fotos/grande/ramo-de-lilas-lila-l.webp?v=28341ec8
Ramo de Lilas|Blanco|S,ramo-de-lilas-blanco-s,provisional,https://jeronimosanchez.github.io/petal/fotos/mini/ramo-de-lilas-blanco-s.jpg?v=9b3eaed2,https://jeronimosanchez.github.io/petal/fotos/grande/ramo-de-lilas-blanco-s.webp?v=9b3eaed2
Ramo de Lilas|Blanco|M,ramo-de-lilas-blanco-m,provisional,https://jeronimosanchez.github.io/petal/fotos/mini/ramo-de-lilas-blanco-m.jpg?v=21e710e2,https://jeronimosanchez.github.io/petal/fotos/grande/ramo-de-lilas-blanco-m.webp?v=21e710e2
Ramo de Lilas|Blanco|L,ramo-de-lilas-blanco-l,provisional,https://jeronimosanchez.github.io/petal/fotos/mini/ramo-de-lilas-blanco-l.jpg?v=b5c7def0,https://jeronimosanchez.github.io/petal/fotos/grande/ramo-de-lilas-blanco-l.webp?v=b5c7def0
Ramo de Lilas|Rosa|S,ramo-de-lilas-rosa-s,provisional,https://jeronimosanchez.github.io/petal/fotos/mini/ramo-de-lilas-rosa-s.jpg?v=da31f2fa,https://jeronimosanchez.github.io/petal/fotos/grande/ramo-de-lilas-rosa-s.webp?v=da31f2fa
Ramo de Lilas|Rosa|M,ramo-de-lilas-rosa-m,provisional,https://jeronimosanchez.github.io/petal/fotos/mini/ramo-de-lilas-rosa-m.jpg?v=9536913a,https://jeronimosanchez.github.io/petal/fotos/grande/ramo-de-lilas-rosa-m.webp?v=9536913a
Ramo de Lilas|Rosa|L,ramo-de-lilas-rosa-l,provisional,https://jeronimosanchez.github.io/petal/fotos/mini/ramo-de-lilas-rosa-l.jpg?v=4775f57f,https://jeronimosanchez.github.io/petal/fotos/grande/ramo-de-lilas-rosa-l.webp?v=4775f57f
Ramo de Alhelí|Blanco|S,ramo-de-alheli-blanco-s,provisional,https://jeronimosanchez.github.io/petal/fotos/mini/ramo-de-alheli-blanco-s.jpg?v=08529880,https://jeronimosanchez.github.io/petal/fotos/grande/ramo-de-alheli-blanco-s.webp?v=08529880
Ramo de Alhelí|Blanco|M,ramo-de-alheli-blanco-m,provisional,https://jeronimosanchez.github.io/petal/fotos/mini/ramo-de-alheli-blanco-m.jpg?v=2bb3e727,https://jeronimosanchez.github.io/petal/fotos/grande/ramo-de-alheli-blanco-m.webp?v=2bb3e727
Ramo de Alhelí|Blanco|L,ramo-de-alheli-blanco-l,provisional,https://jeronimosanchez.github.io/petal/fotos/mini/ramo-de-alheli-blanco-l.jpg?v=0c03a10a,https://jeronimosanchez.github.io/petal/fotos/grande/ramo-de-alheli-blanco-l.webp?v=0c03a10a
Ramo de Alhelí|Rosa|S,ramo-de-alheli-rosa-s,provisional,https://jeronimosanchez.github.io/petal/fotos/mini/ramo-de-alheli-rosa-s.jpg?v=3c21cee2,https://jeronimosanchez.github.io/petal/fotos/grande/ramo-de-alheli-rosa-s.webp?v=3c21cee2
Ramo de Alhelí|Rosa|M,ramo-de-alheli-rosa-m,provisional,https://jeronimosanchez.github.io/petal/fotos/mini/ramo-de-alheli-rosa-m.jpg?v=0e00b5ee,https://jeronimosanchez.github.io/petal/fotos/grande/ramo-de-alheli-rosa-m.webp?v=0e00b5ee
Ramo de Alhelí|Rosa|L,ramo-de-alheli-rosa-l,provisional,https://jeronimosanchez.github.io/petal/fotos/mini/ramo-de-alheli-rosa-l.jpg?v=14104f28,https://jeronimosanchez.github.io/petal/fotos/grande/ramo-de-alheli-rosa-l.webp?v=14104f28
Ramo de Alhelí|Morado|S,ramo-de-alheli-morado-s,provisional,https://jeronimosanchez.github.io/petal/fotos/mini/ramo-de-alheli-morado-s.jpg?v=89f438bb,https://jeronimosanchez.github.io/petal/fotos/grande/ramo-de-alheli-morado-s.webp?v=89f438bb
Ramo de Alhelí|Morado|M,ramo-de-alheli-morado-m,provisional,https://jeronimosanchez.github.io/petal/fotos/mini/ramo-de-alheli-morado-m.jpg?v=d03f6050,https://jeronimosanchez.github.io/petal/fotos/grande/ramo-de-alheli-morado-m.webp?v=d03f6050
Ramo de Alhelí|Morado|L,ramo-de-alheli-morado-l,provisional,https://jeronimosanchez.github.io/petal/fotos/mini/ramo-de-alheli-morado-l.jpg?v=7a9876fe,https://jeronimosanchez.github.io/petal/fotos/grande/ramo-de-alheli-morado-l.webp?v=7a9876fe
Ramo de Alhelí|Rojo|S,ramo-de-alheli-rojo-s,final,https://jeronimosanchez.github.io/petal/fotos/mini/ramo-de-alheli-rojo-s.jpg?v=504a7616,https://jeronimosanchez.github.io/petal/fotos/grande/ramo-de-alheli-rojo-s.webp?v=504a7616
Ramo de Alhelí|Rojo|M,ramo-de-alheli-rojo-m,final,https://jeronimosanchez.github.io/petal/fotos/mini/ramo-de-alheli-rojo-m.jpg?v=365e17af,https://jeronimosanchez.github.io/petal/fotos/grande/ramo-de-alheli-rojo-m.webp?v=365e17af
Ramo de Alhelí|Rojo|L,ramo-de-alheli-rojo-l,final,https://jeronimosanchez.github.io/petal/fotos/mini/ramo-de-alheli-rojo-l.jpg?v=4763d01e,https://jeronimosanchez.github.io/petal/fotos/grande/ramo-de-alheli-rojo-l.webp?v=4763d01e
Ramo de Guisantes de Olor|Rosa|S,ramo-de-guisantes-de-olor-rosa-s,provisional,https://jeronimosanchez.github.io/petal/fotos/mini/ramo-de-guisantes-de-olor-rosa-s.jpg?v=8d213685,https://jeronimosanchez.github.io/petal/fotos/grande/ramo-de-guisantes-de-olor-rosa-s.webp?v=8d213685
Ramo de Guisantes de Olor|Rosa|M,ramo-de-guisantes-de-olor-rosa-m,provisional,https://jeronimosanchez.github.io/petal/fotos/mini/ramo-de-guisantes-de-olor-rosa-m.jpg?v=2d02ec97,https://jeronimosanchez.github.io/petal/fotos/grande/ramo-de-guisantes-de-olor-rosa-m.webp?v=2d02ec97
Ramo de Guisantes de Olor|Rosa|L,ramo-de-guisantes-de-olor-rosa-l,final,https://jeronimosanchez.github.io/petal/fotos/mini/ramo-de-guisantes-de-olor-rosa-l.jpg?v=d845bc7a,https://jeronimosanchez.github.io/petal/fotos/grande/ramo-de-guisantes-de-olor-rosa-l.webp?v=d845bc7a
Ramo de Guisantes de Olor|Morado|S,ramo-de-guisantes-de-olor-morado-s,provisional,https://jeronimosanchez.github.io/petal/fotos/mini/ramo-de-guisantes-de-olor-morado-s.jpg?v=70141960,https://jeronimosanchez.github.io/petal/fotos/grande/ramo-de-guisantes-de-olor-morado-s.webp?v=70141960
Ramo de Guisantes de Olor|Morado|M,ramo-de-guisantes-de-olor-morado-m,provisional,https://jeronimosanchez.github.io/petal/fotos/mini/ramo-de-guisantes-de-olor-morado-m.jpg?v=85af4215,https://jeronimosanchez.github.io/petal/fotos/grande/ramo-de-guisantes-de-olor-morado-m.webp?v=85af4215
Ramo de Guisantes de Olor|Morado|L,ramo-de-guisantes-de-olor-morado-l,provisional,https://jeronimosanchez.github.io/petal/fotos/mini/ramo-de-guisantes-de-olor-morado-l.jpg?v=603e7ce4,https://jeronimosanchez.github.io/petal/fotos/grande/ramo-de-guisantes-de-olor-morado-l.webp?v=603e7ce4
Ramo de Guisantes de Olor|Blanco|S,ramo-de-guisantes-de-olor-blanco-s,provisional,https://jeronimosanchez.github.io/petal/fotos/mini/ramo-de-guisantes-de-olor-blanco-s.jpg?v=bd306895,https://jeronimosanchez.github.io/petal/fotos/grande/ramo-de-guisantes-de-olor-blanco-s.webp?v=bd306895
Ramo de Guisantes de Olor|Blanco|M,ramo-de-guisantes-de-olor-blanco-m,final,https://jeronimosanchez.github.io/petal/fotos/mini/ramo-de-guisantes-de-olor-blanco-m.jpg?v=c97d2263,https://jeronimosanchez.github.io/petal/fotos/grande/ramo-de-guisantes-de-olor-blanco-m.webp?v=c97d2263
Ramo de Guisantes de Olor|Blanco|L,ramo-de-guisantes-de-olor-blanco-l,provisional,https://jeronimosanchez.github.io/petal/fotos/mini/ramo-de-guisantes-de-olor-blanco-l.jpg?v=7851a374,https://jeronimosanchez.github.io/petal/fotos/grande/ramo-de-guisantes-de-olor-blanco-l.webp?v=7851a374
Ramo de Guisantes de Olor|Coral|S,ramo-de-guisantes-de-olor-coral-s,final,https://jeronimosanchez.github.io/petal/fotos/mini/ramo-de-guisantes-de-olor-coral-s.jpg?v=fd6a2825,https://jeronimosanchez.github.io/petal/fotos/grande/ramo-de-guisantes-de-olor-coral-s.webp?v=fd6a2825
Ramo de Guisantes de Olor|Coral|M,ramo-de-guisantes-de-olor-coral-m,provisional,https://jeronimosanchez.github.io/petal/fotos/mini/ramo-de-guisantes-de-olor-coral-m.jpg?v=f22425ae,https://jeronimosanchez.github.io/petal/fotos/grande/ramo-de-guisantes-de-olor-coral-m.webp?v=f22425ae
Ramo de Guisantes de Olor|Coral|L,ramo-de-guisantes-de-olor-coral-l,provisional,https://jeronimosanchez.github.io/petal/fotos/mini/ramo-de-guisantes-de-olor-coral-l.jpg?v=6a2506c3,https://jeronimosanchez.github.io/petal/fotos/grande/ramo-de-guisantes-de-olor-coral-l.webp?v=6a2506c3
Ramo de Snapdragon|Blanco|S,ramo-de-snapdragon-blanco-s,provisional,https://jeronimosanchez.github.io/petal/fotos/mini/ramo-de-snapdragon-blanco-s.jpg?v=81b9b28c,https://jeronimosanchez.github.io/petal/fotos/grande/ramo-de-snapdragon-blanco-s.webp?v=81b9b28c
Ramo de Snapdragon|Blanco|M,ramo-de-snapdragon-blanco-m,provisional,https://jeronimosanchez.github.io/petal/fotos/mini/ramo-de-snapdragon-blanco-m.jpg?v=8ce802a9,https://jeronimosanchez.github.io/petal/fotos/grande/ramo-de-snapdragon-blanco-m.webp?v=8ce802a9
Ramo de Snapdragon|Blanco|L,ramo-de-snapdragon-blanco-l,provisional,https://jeronimosanchez.github.io/petal/fotos/mini/ramo-de-snapdragon-blanco-l.jpg?v=5b3110ef,https://jeronimosanchez.github.io/petal/fotos/grande/ramo-de-snapdragon-blanco-l.webp?v=5b3110ef
Ramo de Snapdragon|Rosa|S,ramo-de-snapdragon-rosa-s,provisional,https://jeronimosanchez.github.io/petal/fotos/mini/ramo-de-snapdragon-rosa-s.jpg?v=20cc285d,https://jeronimosanchez.github.io/petal/fotos/grande/ramo-de-snapdragon-rosa-s.webp?v=20cc285d
Ramo de Snapdragon|Rosa|M,ramo-de-snapdragon-rosa-m,provisional,https://jeronimosanchez.github.io/petal/fotos/mini/ramo-de-snapdragon-rosa-m.jpg?v=dac1449d,https://jeronimosanchez.github.io/petal/fotos/grande/ramo-de-snapdragon-rosa-m.webp?v=dac1449d
Ramo de Snapdragon|Rosa|L,ramo-de-snapdragon-rosa-l,provisional,https://jeronimosanchez.github.io/petal/fotos/mini/ramo-de-snapdragon-rosa-l.jpg?v=71c97e39,https://jeronimosanchez.github.io/petal/fotos/grande/ramo-de-snapdragon-rosa-l.webp?v=71c97e39
Ramo de Snapdragon|Amarillo|S,ramo-de-snapdragon-amarillo-s,provisional,https://jeronimosanchez.github.io/petal/fotos/mini/ramo-de-snapdragon-amarillo-s.jpg?v=77c710da,https://jeronimosanchez.github.io/petal/fotos/grande/ramo-de-snapdragon-amarillo-s.webp?v=77c710da
Ramo de Snapdragon|Amarillo|M,ramo-de-snapdragon-amarillo-m,provisional,https://jeronimosanchez.github.io/petal/fotos/mini/ramo-de-snapdragon-amarillo-m.jpg?v=af698753,https://jeronimosanchez.github.io/petal/fotos/grande/ramo-de-snapdragon-amarillo-m.webp?v=af698753
Ramo de Snapdragon|Amarillo|L,ramo-de-snapdragon-amarillo-l,provisional,https://jeronimosanchez.github.io/petal/fotos/mini/ramo-de-snapdragon-amarillo-l.jpg?v=eb449948,https://jeronimosanchez.github.io/petal/fotos/grande/ramo-de-snapdragon-amarillo-l.webp?v=eb449948
Ramo de Snapdragon|Rojo|S,ramo-de-snapdragon-rojo-s,provisional,https://jeronimosanchez.github.io/petal/fotos/mini/ramo-de-snapdragon-rojo-s.jpg?v=1fb09f82,https://jeronimosanchez.github.io/petal/fotos/grande/ramo-de-snapdragon-rojo-s.webp?v=1fb09f82
Ramo de Snapdragon|Rojo|M,ramo-de-snapdragon-rojo-m,provisional,https://jeronimosanchez.github.io/petal/fotos/mini/ramo-de-snapdragon-rojo-m.jpg?v=c89e6242,https://jeronimosanchez.github.io/petal/fotos/grande/ramo-de-snapdragon-rojo-m.webp?v=c89e6242
Ramo de Snapdragon|Rojo|L,ramo-de-snapdragon-rojo-l,provisional,https://jeronimosanchez.github.io/petal/fotos/mini/ramo-de-snapdragon-rojo-l.jpg?v=f80cd145,https://jeronimosanchez.github.io/petal/fotos/grande/ramo-de-snapdragon-rojo-l.webp?v=f80cd145
Ramo de Snapdragon|Multicolor|S,ramo-de-snapdragon-multicolor-s,provisional,https://jeronimosanchez.github.io/petal/fotos/mini/ramo-de-snapdragon-multicolor-s.jpg?v=8fbe06e4,https://jeronimosanchez.github.io/petal/fotos/grande/ramo-de-snapdragon-multicolor-s.webp?v=8fbe06e4
Ramo de Snapdragon|Multicolor|M,ramo-de-snapdragon-multicolor-m,provisional,https://jeronimosanchez.github.io/petal/fotos/mini/ramo-de-snapdragon-multicolor-m.jpg?v=eabba103,https://jeronimosanchez.github.io/petal/fotos/grande/ramo-de-snapdragon-multicolor-m.webp?v=eabba103
Ramo de Snapdragon|Multicolor|L,ramo-de-snapdragon-multicolor-l,provisional,https://jeronimosanchez.github.io/petal/fotos/mini/ramo-de-snapdragon-multicolor-l.jpg?v=ce8dd7ce,https://jeronimosanchez.github.io/petal/fotos/grande/ramo-de-snapdragon-multicolor-l.webp?v=ce8dd7ce
Ramo de Narcisos|Blanco|S,ramo-de-narcisos-blanco-s,final,https://jeronimosanchez.github.io/petal/fotos/mini/ramo-de-narcisos-blanco-s.jpg?v=1c31f325,https://jeronimosanchez.github.io/petal/fotos/grande/ramo-de-narcisos-blanco-s.webp?v=1c31f325
Ramo de Narcisos|Blanco|M,ramo-de-narcisos-blanco-m,final,https://jeronimosanchez.github.io/petal/fotos/mini/ramo-de-narcisos-blanco-m.jpg?v=bcc7e1d4,https://jeronimosanchez.github.io/petal/fotos/grande/ramo-de-narcisos-blanco-m.webp?v=bcc7e1d4
Ramo de Narcisos|Blanco|L,ramo-de-narcisos-blanco-l,final,https://jeronimosanchez.github.io/petal/fotos/mini/ramo-de-narcisos-blanco-l.jpg?v=b41235bb,https://jeronimosanchez.github.io/petal/fotos/grande/ramo-de-narcisos-blanco-l.webp?v=b41235bb
Ramo de Narcisos|Naranja|S,ramo-de-narcisos-naranja-s,final,https://jeronimosanchez.github.io/petal/fotos/mini/ramo-de-narcisos-naranja-s.jpg?v=7403bde0,https://jeronimosanchez.github.io/petal/fotos/grande/ramo-de-narcisos-naranja-s.webp?v=7403bde0
Ramo de Narcisos|Naranja|M,ramo-de-narcisos-naranja-m,final,https://jeronimosanchez.github.io/petal/fotos/mini/ramo-de-narcisos-naranja-m.jpg?v=09975992,https://jeronimosanchez.github.io/petal/fotos/grande/ramo-de-narcisos-naranja-m.webp?v=09975992
Ramo de Narcisos|Naranja|L,ramo-de-narcisos-naranja-l,final,https://jeronimosanchez.github.io/petal/fotos/mini/ramo-de-narcisos-naranja-l.jpg?v=f0ab6d0f,https://jeronimosanchez.github.io/petal/fotos/grande/ramo-de-narcisos-naranja-l.webp?v=f0ab6d0f
Ramo de Narcisos|Multicolor|S,ramo-de-narcisos-multicolor-s,provisional,https://jeronimosanchez.github.io/petal/fotos/mini/ramo-de-narcisos-multicolor-s.jpg?v=2f7dca56,https://jeronimosanchez.github.io/petal/fotos/grande/ramo-de-narcisos-multicolor-s.webp?v=2f7dca56
Ramo de Narcisos|Multicolor|M,ramo-de-narcisos-multicolor-m,final,https://jeronimosanchez.github.io/petal/fotos/mini/ramo-de-narcisos-multicolor-m.jpg?v=01ba2934,https://jeronimosanchez.github.io/petal/fotos/grande/ramo-de-narcisos-multicolor-m.webp?v=01ba2934
Ramo de Narcisos|Multicolor|L,ramo-de-narcisos-multicolor-l,provisional,https://jeronimosanchez.github.io/petal/fotos/mini/ramo-de-narcisos-multicolor-l.jpg?v=f41fbadf,https://jeronimosanchez.github.io/petal/fotos/grande/ramo-de-narcisos-multicolor-l.webp?v=f41fbadf
Ramo de Jacintos|Rosa|S,ramo-de-jacintos-rosa-s,final,https://jeronimosanchez.github.io/petal/fotos/mini/ramo-de-jacintos-rosa-s.jpg?v=c11ac147,https://jeronimosanchez.github.io/petal/fotos/grande/ramo-de-jacintos-rosa-s.webp?v=c11ac147
Ramo de Jacintos|Rosa|M,ramo-de-jacintos-rosa-m,provisional,https://jeronimosanchez.github.io/petal/fotos/mini/ramo-de-jacintos-rosa-m.jpg?v=49ec8bac,https://jeronimosanchez.github.io/petal/fotos/grande/ramo-de-jacintos-rosa-m.webp?v=49ec8bac
Ramo de Jacintos|Rosa|L,ramo-de-jacintos-rosa-l,provisional,https://jeronimosanchez.github.io/petal/fotos/mini/ramo-de-jacintos-rosa-l.jpg?v=d1c6aee8,https://jeronimosanchez.github.io/petal/fotos/grande/ramo-de-jacintos-rosa-l.webp?v=d1c6aee8
Ramo de Jacintos|Azul|S,ramo-de-jacintos-azul-s,final,https://jeronimosanchez.github.io/petal/fotos/mini/ramo-de-jacintos-azul-s.jpg?v=2a83eb88,https://jeronimosanchez.github.io/petal/fotos/grande/ramo-de-jacintos-azul-s.webp?v=2a83eb88
Ramo de Jacintos|Azul|M,ramo-de-jacintos-azul-m,provisional,https://jeronimosanchez.github.io/petal/fotos/mini/ramo-de-jacintos-azul-m.jpg?v=d4326073,https://jeronimosanchez.github.io/petal/fotos/grande/ramo-de-jacintos-azul-m.webp?v=d4326073
Ramo de Jacintos|Azul|L,ramo-de-jacintos-azul-l,provisional,https://jeronimosanchez.github.io/petal/fotos/mini/ramo-de-jacintos-azul-l.jpg?v=bf00d472,https://jeronimosanchez.github.io/petal/fotos/grande/ramo-de-jacintos-azul-l.webp?v=bf00d472
Ramo de Jacintos|Blanco|S,ramo-de-jacintos-blanco-s,final,https://jeronimosanchez.github.io/petal/fotos/mini/ramo-de-jacintos-blanco-s.jpg?v=5feb9ece,https://jeronimosanchez.github.io/petal/fotos/grande/ramo-de-jacintos-blanco-s.webp?v=5feb9ece
Ramo de Jacintos|Blanco|M,ramo-de-jacintos-blanco-m,provisional,https://jeronimosanchez.github.io/petal/fotos/mini/ramo-de-jacintos-blanco-m.jpg?v=53c598af,https://jeronimosanchez.github.io/petal/fotos/grande/ramo-de-jacintos-blanco-m.webp?v=53c598af
Ramo de Jacintos|Blanco|L,ramo-de-jacintos-blanco-l,provisional,https://jeronimosanchez.github.io/petal/fotos/mini/ramo-de-jacintos-blanco-l.jpg?v=45bbcfb3,https://jeronimosanchez.github.io/petal/fotos/grande/ramo-de-jacintos-blanco-l.webp?v=45bbcfb3
Ramo de Jacintos|Morado|S,ramo-de-jacintos-morado-s,provisional,https://jeronimosanchez.github.io/petal/fotos/mini/ramo-de-jacintos-morado-s.jpg?v=5136d8cb,https://jeronimosanchez.github.io/petal/fotos/grande/ramo-de-jacintos-morado-s.webp?v=5136d8cb
Ramo de Jacintos|Morado|M,ramo-de-jacintos-morado-m,provisional,https://jeronimosanchez.github.io/petal/fotos/mini/ramo-de-jacintos-morado-m.jpg?v=dca31768,https://jeronimosanchez.github.io/petal/fotos/grande/ramo-de-jacintos-morado-m.webp?v=dca31768
Ramo de Jacintos|Morado|L,ramo-de-jacintos-morado-l,provisional,https://jeronimosanchez.github.io/petal/fotos/mini/ramo-de-jacintos-morado-l.jpg?v=654f7925,https://jeronimosanchez.github.io/petal/fotos/grande/ramo-de-jacintos-morado-l.webp?v=654f7925
Ramo de Muscari Intenso|Azul|S,ramo-de-muscari-intenso-azul-s,final,https://jeronimosanchez.github.io/petal/fotos/mini/ramo-de-muscari-intenso-azul-s.jpg?v=afc7bc51,https://jeronimosanchez.github.io/petal/fotos/grande/ramo-de-muscari-intenso-azul-s.webp?v=afc7bc51
Ramo de Muscari Intenso|Azul|M,ramo-de-muscari-intenso-azul-m,final,https://jeronimosanchez.github.io/petal/fotos/mini/ramo-de-muscari-intenso-azul-m.jpg?v=b374812f,https://jeronimosanchez.github.io/petal/fotos/grande/ramo-de-muscari-intenso-azul-m.webp?v=b374812f
Ramo de Muscari Intenso|Azul|L,ramo-de-muscari-intenso-azul-l,final,https://jeronimosanchez.github.io/petal/fotos/mini/ramo-de-muscari-intenso-azul-l.jpg?v=c1134bb5,https://jeronimosanchez.github.io/petal/fotos/grande/ramo-de-muscari-intenso-azul-l.webp?v=c1134bb5
Ramo de Muscari|Blanco|S,ramo-de-muscari-blanco-s,final,https://jeronimosanchez.github.io/petal/fotos/mini/ramo-de-muscari-blanco-s.jpg?v=2d6220d1,https://jeronimosanchez.github.io/petal/fotos/grande/ramo-de-muscari-blanco-s.webp?v=2d6220d1
Ramo de Muscari|Blanco|M,ramo-de-muscari-blanco-m,final,https://jeronimosanchez.github.io/petal/fotos/mini/ramo-de-muscari-blanco-m.jpg?v=32537e0f,https://jeronimosanchez.github.io/petal/fotos/grande/ramo-de-muscari-blanco-m.webp?v=32537e0f
Ramo de Muscari|Blanco|L,ramo-de-muscari-blanco-l,final,https://jeronimosanchez.github.io/petal/fotos/mini/ramo-de-muscari-blanco-l.jpg?v=8b2a2c5c,https://jeronimosanchez.github.io/petal/fotos/grande/ramo-de-muscari-blanco-l.webp?v=8b2a2c5c
Ramo de Muscari|Azul Claro|S,ramo-de-muscari-azul-claro-s,final,https://jeronimosanchez.github.io/petal/fotos/mini/ramo-de-muscari-azul-claro-s.jpg?v=94142ab4,https://jeronimosanchez.github.io/petal/fotos/grande/ramo-de-muscari-azul-claro-s.webp?v=94142ab4
Ramo de Muscari|Azul Claro|M,ramo-de-muscari-azul-claro-m,final,https://jeronimosanchez.github.io/petal/fotos/mini/ramo-de-muscari-azul-claro-m.jpg?v=e05d8bde,https://jeronimosanchez.github.io/petal/fotos/grande/ramo-de-muscari-azul-claro-m.webp?v=e05d8bde
Ramo de Muscari|Azul Claro|L,ramo-de-muscari-azul-claro-l,final,https://jeronimosanchez.github.io/petal/fotos/mini/ramo-de-muscari-azul-claro-l.jpg?v=67ae64ef,https://jeronimosanchez.github.io/petal/fotos/grande/ramo-de-muscari-azul-claro-l.webp?v=67ae64ef
Ramo de Amarilis|Rojo|S,ramo-de-amarilis-rojo-s,provisional,https://jeronimosanchez.github.io/petal/fotos/mini/ramo-de-amarilis-rojo-s.jpg?v=45b5326d,https://jeronimosanchez.github.io/petal/fotos/grande/ramo-de-amarilis-rojo-s.webp?v=45b5326d
Ramo de Amarilis|Rojo|M,ramo-de-amarilis-rojo-m,provisional,https://jeronimosanchez.github.io/petal/fotos/mini/ramo-de-amarilis-rojo-m.jpg?v=24847137,https://jeronimosanchez.github.io/petal/fotos/grande/ramo-de-amarilis-rojo-m.webp?v=24847137
Ramo de Amarilis|Rojo|L,ramo-de-amarilis-rojo-l,provisional,https://jeronimosanchez.github.io/petal/fotos/mini/ramo-de-amarilis-rojo-l.jpg?v=69b90c1d,https://jeronimosanchez.github.io/petal/fotos/grande/ramo-de-amarilis-rojo-l.webp?v=69b90c1d
Ramo de Amarilis|Blanco|S,ramo-de-amarilis-blanco-s,provisional,https://jeronimosanchez.github.io/petal/fotos/mini/ramo-de-amarilis-blanco-s.jpg?v=c6b06055,https://jeronimosanchez.github.io/petal/fotos/grande/ramo-de-amarilis-blanco-s.webp?v=c6b06055
Ramo de Amarilis|Blanco|M,ramo-de-amarilis-blanco-m,provisional,https://jeronimosanchez.github.io/petal/fotos/mini/ramo-de-amarilis-blanco-m.jpg?v=9619f285,https://jeronimosanchez.github.io/petal/fotos/grande/ramo-de-amarilis-blanco-m.webp?v=9619f285
Ramo de Amarilis|Blanco|L,ramo-de-amarilis-blanco-l,provisional,https://jeronimosanchez.github.io/petal/fotos/mini/ramo-de-amarilis-blanco-l.jpg?v=84d1be38,https://jeronimosanchez.github.io/petal/fotos/grande/ramo-de-amarilis-blanco-l.webp?v=84d1be38
Ramo de Amarilis|Rosa|S,ramo-de-amarilis-rosa-s,provisional,https://jeronimosanchez.github.io/petal/fotos/mini/ramo-de-amarilis-rosa-s.jpg?v=95ab93d4,https://jeronimosanchez.github.io/petal/fotos/grande/ramo-de-amarilis-rosa-s.webp?v=95ab93d4
Ramo de Amarilis|Rosa|M,ramo-de-amarilis-rosa-m,provisional,https://jeronimosanchez.github.io/petal/fotos/mini/ramo-de-amarilis-rosa-m.jpg?v=7b10bf03,https://jeronimosanchez.github.io/petal/fotos/grande/ramo-de-amarilis-rosa-m.webp?v=7b10bf03
Ramo de Amarilis|Rosa|L,ramo-de-amarilis-rosa-l,provisional,https://jeronimosanchez.github.io/petal/fotos/mini/ramo-de-amarilis-rosa-l.jpg?v=7275f66a,https://jeronimosanchez.github.io/petal/fotos/grande/ramo-de-amarilis-rosa-l.webp?v=7275f66a
Ramo de Amarilis|Naranja|S,ramo-de-amarilis-naranja-s,provisional,https://jeronimosanchez.github.io/petal/fotos/mini/ramo-de-amarilis-naranja-s.jpg?v=ca57386b,https://jeronimosanchez.github.io/petal/fotos/grande/ramo-de-amarilis-naranja-s.webp?v=ca57386b
Ramo de Amarilis|Naranja|M,ramo-de-amarilis-naranja-m,provisional,https://jeronimosanchez.github.io/petal/fotos/mini/ramo-de-amarilis-naranja-m.jpg?v=153498af,https://jeronimosanchez.github.io/petal/fotos/grande/ramo-de-amarilis-naranja-m.webp?v=153498af
Ramo de Amarilis|Naranja|L,ramo-de-amarilis-naranja-l,provisional,https://jeronimosanchez.github.io/petal/fotos/mini/ramo-de-amarilis-naranja-l.jpg?v=7a53561b,https://jeronimosanchez.github.io/petal/fotos/grande/ramo-de-amarilis-naranja-l.webp?v=7a53561b
Ramo de Nomeolvides|Azul|S,ramo-de-nomeolvides-azul-s,provisional,https://jeronimosanchez.github.io/petal/fotos/mini/ramo-de-nomeolvides-azul-s.jpg?v=34d46592,https://jeronimosanchez.github.io/petal/fotos/grande/ramo-de-nomeolvides-azul-s.webp?v=34d46592
Ramo de Nomeolvides|Azul|M,ramo-de-nomeolvides-azul-m,provisional,https://jeronimosanchez.github.io/petal/fotos/mini/ramo-de-nomeolvides-azul-m.jpg?v=1a57830b,https://jeronimosanchez.github.io/petal/fotos/grande/ramo-de-nomeolvides-azul-m.webp?v=1a57830b
Ramo de Nomeolvides|Azul|L,ramo-de-nomeolvides-azul-l,provisional,https://jeronimosanchez.github.io/petal/fotos/mini/ramo-de-nomeolvides-azul-l.jpg?v=1af6a542,https://jeronimosanchez.github.io/petal/fotos/grande/ramo-de-nomeolvides-azul-l.webp?v=1af6a542
Ramo de Nomeolvides|Blanco|S,ramo-de-nomeolvides-blanco-s,provisional,https://jeronimosanchez.github.io/petal/fotos/mini/ramo-de-nomeolvides-blanco-s.jpg?v=143edba7,https://jeronimosanchez.github.io/petal/fotos/grande/ramo-de-nomeolvides-blanco-s.webp?v=143edba7
Ramo de Nomeolvides|Blanco|M,ramo-de-nomeolvides-blanco-m,provisional,https://jeronimosanchez.github.io/petal/fotos/mini/ramo-de-nomeolvides-blanco-m.jpg?v=9964f9b0,https://jeronimosanchez.github.io/petal/fotos/grande/ramo-de-nomeolvides-blanco-m.webp?v=9964f9b0
Ramo de Nomeolvides|Blanco|L,ramo-de-nomeolvides-blanco-l,provisional,https://jeronimosanchez.github.io/petal/fotos/mini/ramo-de-nomeolvides-blanco-l.jpg?v=b12a47be,https://jeronimosanchez.github.io/petal/fotos/grande/ramo-de-nomeolvides-blanco-l.webp?v=b12a47be
Ramo de Nomeolvides|Rosa|S,ramo-de-nomeolvides-rosa-s,provisional,https://jeronimosanchez.github.io/petal/fotos/mini/ramo-de-nomeolvides-rosa-s.jpg?v=a8e2ecec,https://jeronimosanchez.github.io/petal/fotos/grande/ramo-de-nomeolvides-rosa-s.webp?v=a8e2ecec
Ramo de Nomeolvides|Rosa|M,ramo-de-nomeolvides-rosa-m,provisional,https://jeronimosanchez.github.io/petal/fotos/mini/ramo-de-nomeolvides-rosa-m.jpg?v=552846a3,https://jeronimosanchez.github.io/petal/fotos/grande/ramo-de-nomeolvides-rosa-m.webp?v=552846a3
Ramo de Nomeolvides|Rosa|L,ramo-de-nomeolvides-rosa-l,provisional,https://jeronimosanchez.github.io/petal/fotos/mini/ramo-de-nomeolvides-rosa-l.jpg?v=bf109d55,https://jeronimosanchez.github.io/petal/fotos/grande/ramo-de-nomeolvides-rosa-l.webp?v=bf109d55
Gardenia Maceta|Blanco|M,gardenia-maceta-blanco-m,final,https://jeronimosanchez.github.io/petal/fotos/mini/gardenia-maceta-blanco-m.jpg?v=fd24c817,https://jeronimosanchez.github.io/petal/fotos/grande/gardenia-maceta-blanco-m.webp?v=fd24c817
Azalea Maceta|Rosa|M,azalea-maceta-rosa-m,final,https://jeronimosanchez.github.io/petal/fotos/mini/azalea-maceta-rosa-m.jpg?v=4800ec28,https://jeronimosanchez.github.io/petal/fotos/grande/azalea-maceta-rosa-m.webp?v=4800ec28
Azalea Maceta|Rojo|M,azalea-maceta-rojo-m,provisional,https://jeronimosanchez.github.io/petal/fotos/mini/azalea-maceta-rojo-m.jpg?v=d51ea593,https://jeronimosanchez.github.io/petal/fotos/grande/azalea-maceta-rojo-m.webp?v=d51ea593
Azalea Maceta|Blanco|M,azalea-maceta-blanco-m,final,https://jeronimosanchez.github.io/petal/fotos/mini/azalea-maceta-blanco-m.jpg?v=408c16bc,https://jeronimosanchez.github.io/petal/fotos/grande/azalea-maceta-blanco-m.webp?v=408c16bc
Camelia Maceta|Rosa|M,camelia-maceta-rosa-m,final,https://jeronimosanchez.github.io/petal/fotos/mini/camelia-maceta-rosa-m.jpg?v=acece947,https://jeronimosanchez.github.io/petal/fotos/grande/camelia-maceta-rosa-m.webp?v=acece947
Camelia Maceta|Rojo|M,camelia-maceta-rojo-m,provisional,https://jeronimosanchez.github.io/petal/fotos/mini/camelia-maceta-rojo-m.jpg?v=835d3354,https://jeronimosanchez.github.io/petal/fotos/grande/camelia-maceta-rojo-m.webp?v=835d3354
Camelia Maceta|Blanco|M,camelia-maceta-blanco-m,final,https://jeronimosanchez.github.io/petal/fotos/mini/camelia-maceta-blanco-m.jpg?v=ef159fb5,https://jeronimosanchez.github.io/petal/fotos/grande/camelia-maceta-blanco-m.webp?v=ef159fb5
Hibisco Maceta|Rosa|M,hibisco-maceta-rosa-m,final,https://jeronimosanchez.github.io/petal/fotos/mini/hibisco-maceta-rosa-m.jpg?v=afce548f,https://jeronimosanchez.github.io/petal/fotos/grande/hibisco-maceta-rosa-m.webp?v=afce548f
Hibisco Maceta|Rojo|M,hibisco-maceta-rojo-m,provisional,https://jeronimosanchez.github.io/petal/fotos/mini/hibisco-maceta-rojo-m.jpg?v=74adc529,https://jeronimosanchez.github.io/petal/fotos/grande/hibisco-maceta-rojo-m.webp?v=74adc529
Hibisco Maceta|Amarillo|M,hibisco-maceta-amarillo-m,provisional,https://jeronimosanchez.github.io/petal/fotos/mini/hibisco-maceta-amarillo-m.jpg?v=e0e1772a,https://jeronimosanchez.github.io/petal/fotos/grande/hibisco-maceta-amarillo-m.webp?v=e0e1772a
Hibisco Maceta|Blanco|M,hibisco-maceta-blanco-m,provisional,https://jeronimosanchez.github.io/petal/fotos/mini/hibisco-maceta-blanco-m.jpg?v=16090a61,https://jeronimosanchez.github.io/petal/fotos/grande/hibisco-maceta-blanco-m.webp?v=16090a61
Hibisco Maceta|Naranja|M,hibisco-maceta-naranja-m,provisional,https://jeronimosanchez.github.io/petal/fotos/mini/hibisco-maceta-naranja-m.jpg?v=30b396db,https://jeronimosanchez.github.io/petal/fotos/grande/hibisco-maceta-naranja-m.webp?v=30b396db
Ciclamen Maceta|Rosa|M,ciclamen-maceta-rosa-m,provisional,https://jeronimosanchez.github.io/petal/fotos/mini/ciclamen-maceta-rosa-m.jpg?v=e6c8f41c,https://jeronimosanchez.github.io/petal/fotos/grande/ciclamen-maceta-rosa-m.webp?v=e6c8f41c
Ciclamen Maceta|Rojo|M,ciclamen-maceta-rojo-m,provisional,https://jeronimosanchez.github.io/petal/fotos/mini/ciclamen-maceta-rojo-m.jpg?v=60d69507,https://jeronimosanchez.github.io/petal/fotos/grande/ciclamen-maceta-rojo-m.webp?v=60d69507
Ciclamen Maceta|Blanco|M,ciclamen-maceta-blanco-m,provisional,https://jeronimosanchez.github.io/petal/fotos/mini/ciclamen-maceta-blanco-m.jpg?v=e2de5a74,https://jeronimosanchez.github.io/petal/fotos/grande/ciclamen-maceta-blanco-m.webp?v=e2de5a74
Violeta Africana|Morado|M,violeta-africana-morado-m,provisional,https://jeronimosanchez.github.io/petal/fotos/mini/violeta-africana-morado-m.jpg?v=37a36475,https://jeronimosanchez.github.io/petal/fotos/grande/violeta-africana-morado-m.webp?v=37a36475
Violeta Africana|Rosa|M,violeta-africana-rosa-m,provisional,https://jeronimosanchez.github.io/petal/fotos/mini/violeta-africana-rosa-m.jpg?v=0637dd4c,https://jeronimosanchez.github.io/petal/fotos/grande/violeta-africana-rosa-m.webp?v=0637dd4c
Violeta Africana|Blanco|M,violeta-africana-blanco-m,provisional,https://jeronimosanchez.github.io/petal/fotos/mini/violeta-africana-blanco-m.jpg?v=794a84b4,https://jeronimosanchez.github.io/petal/fotos/grande/violeta-africana-blanco-m.webp?v=794a84b4
Violeta Africana|Azul|M,violeta-africana-azul-m,provisional,https://jeronimosanchez.github.io/petal/fotos/mini/violeta-africana-azul-m.jpg?v=ffa15cf6,https://jeronimosanchez.github.io/petal/fotos/grande/violeta-africana-azul-m.webp?v=ffa15cf6
Kalanchoe Maceta|Rojo|M,kalanchoe-maceta-rojo-m,provisional,https://jeronimosanchez.github.io/petal/fotos/mini/kalanchoe-maceta-rojo-m.jpg?v=5376471f,https://jeronimosanchez.github.io/petal/fotos/grande/kalanchoe-maceta-rojo-m.webp?v=5376471f
Kalanchoe Maceta|Rosa|M,kalanchoe-maceta-rosa-m,provisional,https://jeronimosanchez.github.io/petal/fotos/mini/kalanchoe-maceta-rosa-m.jpg?v=96145c83,https://jeronimosanchez.github.io/petal/fotos/grande/kalanchoe-maceta-rosa-m.webp?v=96145c83
Kalanchoe Maceta|Amarillo|M,kalanchoe-maceta-amarillo-m,provisional,https://jeronimosanchez.github.io/petal/fotos/mini/kalanchoe-maceta-amarillo-m.jpg?v=9e115e36,https://jeronimosanchez.github.io/petal/fotos/grande/kalanchoe-maceta-amarillo-m.webp?v=9e115e36
Kalanchoe Maceta|Naranja|M,kalanchoe-maceta-naranja-m,provisional,https://jeronimosanchez.github.io/petal/fotos/mini/kalanchoe-maceta-naranja-m.jpg?v=0e47583a,https://jeronimosanchez.github.io/petal/fotos/grande/kalanchoe-maceta-naranja-m.webp?v=0e47583a
Kalanchoe Maceta|Blanco|M,kalanchoe-maceta-blanco-m,provisional,https://jeronimosanchez.github.io/petal/fotos/mini/kalanchoe-maceta-blanco-m.jpg?v=2970bda2,https://jeronimosanchez.github.io/petal/fotos/grande/kalanchoe-maceta-blanco-m.webp?v=2970bda2
Corona Fúnebre Crisantemos|Blanco|M,corona-funebre-crisantemos-blanco-m,final,https://jeronimosanchez.github.io/petal/fotos/mini/corona-funebre-crisantemos-blanco-m.jpg?v=ce627c3b,https://jeronimosanchez.github.io/petal/fotos/grande/corona-funebre-crisantemos-blanco-m.webp?v=ce627c3b
Corona Fúnebre Crisantemos|Blanco|L,corona-funebre-crisantemos-blanco-l,final,https://jeronimosanchez.github.io/petal/fotos/mini/corona-funebre-crisantemos-blanco-l.jpg?v=5b387f32,https://jeronimosanchez.github.io/petal/fotos/grande/corona-funebre-crisantemos-blanco-l.webp?v=5b387f32
Corona Fúnebre Crisantemos|Amarillo|M,corona-funebre-crisantemos-amarillo-m,final,https://jeronimosanchez.github.io/petal/fotos/mini/corona-funebre-crisantemos-amarillo-m.jpg?v=c02c18b4,https://jeronimosanchez.github.io/petal/fotos/grande/corona-funebre-crisantemos-amarillo-m.webp?v=c02c18b4
Corona Fúnebre Crisantemos|Amarillo|L,corona-funebre-crisantemos-amarillo-l,final,https://jeronimosanchez.github.io/petal/fotos/mini/corona-funebre-crisantemos-amarillo-l.jpg?v=c90fad13,https://jeronimosanchez.github.io/petal/fotos/grande/corona-funebre-crisantemos-amarillo-l.webp?v=c90fad13
Corona Fúnebre Crisantemos|Multicolor|M,corona-funebre-crisantemos-multicolor-m,final,https://jeronimosanchez.github.io/petal/fotos/mini/corona-funebre-crisantemos-multicolor-m.jpg?v=7d5af2b6,https://jeronimosanchez.github.io/petal/fotos/grande/corona-funebre-crisantemos-multicolor-m.webp?v=7d5af2b6
Corona Fúnebre Crisantemos|Multicolor|L,corona-funebre-crisantemos-multicolor-l,final,https://jeronimosanchez.github.io/petal/fotos/mini/corona-funebre-crisantemos-multicolor-l.jpg?v=856271ee,https://jeronimosanchez.github.io/petal/fotos/grande/corona-funebre-crisantemos-multicolor-l.webp?v=856271ee
Corona Fúnebre Gladiolos|Blanco|M,corona-funebre-gladiolos-blanco-m,final,https://jeronimosanchez.github.io/petal/fotos/mini/corona-funebre-gladiolos-blanco-m.jpg?v=c08f8623,https://jeronimosanchez.github.io/petal/fotos/grande/corona-funebre-gladiolos-blanco-m.webp?v=c08f8623
Corona Fúnebre Gladiolos|Blanco|L,corona-funebre-gladiolos-blanco-l,final,https://jeronimosanchez.github.io/petal/fotos/mini/corona-funebre-gladiolos-blanco-l.jpg?v=7ba9bd95,https://jeronimosanchez.github.io/petal/fotos/grande/corona-funebre-gladiolos-blanco-l.webp?v=7ba9bd95
Corona Fúnebre Gladiolos|Rosa|M,corona-funebre-gladiolos-rosa-m,final,https://jeronimosanchez.github.io/petal/fotos/mini/corona-funebre-gladiolos-rosa-m.jpg?v=150eb4bb,https://jeronimosanchez.github.io/petal/fotos/grande/corona-funebre-gladiolos-rosa-m.webp?v=150eb4bb
Corona Fúnebre Gladiolos|Rosa|L,corona-funebre-gladiolos-rosa-l,final,https://jeronimosanchez.github.io/petal/fotos/mini/corona-funebre-gladiolos-rosa-l.jpg?v=9c900b2c,https://jeronimosanchez.github.io/petal/fotos/grande/corona-funebre-gladiolos-rosa-l.webp?v=9c900b2c
Corona Fúnebre Gladiolos|Multicolor|M,corona-funebre-gladiolos-multicolor-m,final,https://jeronimosanchez.github.io/petal/fotos/mini/corona-funebre-gladiolos-multicolor-m.jpg?v=db487b00,https://jeronimosanchez.github.io/petal/fotos/grande/corona-funebre-gladiolos-multicolor-m.webp?v=db487b00
Corona Fúnebre Gladiolos|Multicolor|L,corona-funebre-gladiolos-multicolor-l,final,https://jeronimosanchez.github.io/petal/fotos/mini/corona-funebre-gladiolos-multicolor-l.jpg?v=c9c37dc0,https://jeronimosanchez.github.io/petal/fotos/grande/corona-funebre-gladiolos-multicolor-l.webp?v=c9c37dc0
Corona Fúnebre Gerberas|Blanco|M,corona-funebre-gerberas-blanco-m,final,https://jeronimosanchez.github.io/petal/fotos/mini/corona-funebre-gerberas-blanco-m.jpg?v=bbdc893d,https://jeronimosanchez.github.io/petal/fotos/grande/corona-funebre-gerberas-blanco-m.webp?v=bbdc893d
Corona Fúnebre Gerberas|Blanco|L,corona-funebre-gerberas-blanco-l,final,https://jeronimosanchez.github.io/petal/fotos/mini/corona-funebre-gerberas-blanco-l.jpg?v=a0036c3f,https://jeronimosanchez.github.io/petal/fotos/grande/corona-funebre-gerberas-blanco-l.webp?v=a0036c3f
Corona Fúnebre Gerberas|Multicolor|M,corona-funebre-gerberas-multicolor-m,final,https://jeronimosanchez.github.io/petal/fotos/mini/corona-funebre-gerberas-multicolor-m.jpg?v=bf028de2,https://jeronimosanchez.github.io/petal/fotos/grande/corona-funebre-gerberas-multicolor-m.webp?v=bf028de2
Corona Fúnebre Gerberas|Multicolor|L,corona-funebre-gerberas-multicolor-l,final,https://jeronimosanchez.github.io/petal/fotos/mini/corona-funebre-gerberas-multicolor-l.jpg?v=9e37aca4,https://jeronimosanchez.github.io/petal/fotos/grande/corona-funebre-gerberas-multicolor-l.webp?v=9e37aca4
Corona Fúnebre Margaritas|Blanco|M,corona-funebre-margaritas-blanco-m,final,https://jeronimosanchez.github.io/petal/fotos/mini/corona-funebre-margaritas-blanco-m.jpg?v=e6676a9d,https://jeronimosanchez.github.io/petal/fotos/grande/corona-funebre-margaritas-blanco-m.webp?v=e6676a9d
Corona Fúnebre Margaritas|Blanco|L,corona-funebre-margaritas-blanco-l,final,https://jeronimosanchez.github.io/petal/fotos/mini/corona-funebre-margaritas-blanco-l.jpg?v=b1d94a7f,https://jeronimosanchez.github.io/petal/fotos/grande/corona-funebre-margaritas-blanco-l.webp?v=b1d94a7f
Corona Fúnebre Rosas y Crisantemos|Multicolor|M,corona-funebre-rosas-y-crisantemos-multicolor-m,final,https://jeronimosanchez.github.io/petal/fotos/mini/corona-funebre-rosas-y-crisantemos-multicolor-m.jpg?v=4c4183e6,https://jeronimosanchez.github.io/petal/fotos/grande/corona-funebre-rosas-y-crisantemos-multicolor-m.webp?v=4c4183e6
Corona Fúnebre Rosas y Crisantemos|Multicolor|L,corona-funebre-rosas-y-crisantemos-multicolor-l,final,https://jeronimosanchez.github.io/petal/fotos/mini/corona-funebre-rosas-y-crisantemos-multicolor-l.jpg?v=98abcee9,https://jeronimosanchez.github.io/petal/fotos/grande/corona-funebre-rosas-y-crisantemos-multicolor-l.webp?v=98abcee9
Corona Fúnebre Lirios y Claveles|Blanco|M,corona-funebre-lirios-y-claveles-blanco-m,final,https://jeronimosanchez.github.io/petal/fotos/mini/corona-funebre-lirios-y-claveles-blanco-m.jpg?v=33071b59,https://jeronimosanchez.github.io/petal/fotos/grande/corona-funebre-lirios-y-claveles-blanco-m.webp?v=33071b59
Corona Fúnebre Lirios y Claveles|Blanco|L,corona-funebre-lirios-y-claveles-blanco-l,final,https://jeronimosanchez.github.io/petal/fotos/mini/corona-funebre-lirios-y-claveles-blanco-l.jpg?v=14fdfbb7,https://jeronimosanchez.github.io/petal/fotos/grande/corona-funebre-lirios-y-claveles-blanco-l.webp?v=14fdfbb7
Corona Fúnebre Gladiolos y Rosas|Multicolor|M,corona-funebre-gladiolos-y-rosas-multicolor-m,final,https://jeronimosanchez.github.io/petal/fotos/mini/corona-funebre-gladiolos-y-rosas-multicolor-m.jpg?v=c62b5016,https://jeronimosanchez.github.io/petal/fotos/grande/corona-funebre-gladiolos-y-rosas-multicolor-m.webp?v=c62b5016
Corona Fúnebre Gladiolos y Rosas|Multicolor|L,corona-funebre-gladiolos-y-rosas-multicolor-l,final,https://jeronimosanchez.github.io/petal/fotos/mini/corona-funebre-gladiolos-y-rosas-multicolor-l.jpg?v=930f79f5,https://jeronimosanchez.github.io/petal/fotos/grande/corona-funebre-gladiolos-y-rosas-multicolor-l.webp?v=930f79f5
Corona Fúnebre Claveles y Margaritas|Blanco|M,corona-funebre-claveles-y-margaritas-blanco-m,final,https://jeronimosanchez.github.io/petal/fotos/mini/corona-funebre-claveles-y-margaritas-blanco-m.jpg?v=8b9fcf1e,https://jeronimosanchez.github.io/petal/fotos/grande/corona-funebre-claveles-y-margaritas-blanco-m.webp?v=8b9fcf1e
Corona Fúnebre Claveles y Margaritas|Blanco|L,corona-funebre-claveles-y-margaritas-blanco-l,final,https://jeronimosanchez.github.io/petal/fotos/mini/corona-funebre-claveles-y-margaritas-blanco-l.jpg?v=391d4479,https://jeronimosanchez.github.io/petal/fotos/grande/corona-funebre-claveles-y-margaritas-blanco-l.webp?v=391d4479
Corona Fúnebre Tradicional|Multicolor|M,corona-funebre-tradicional-multicolor-m,final,https://jeronimosanchez.github.io/petal/fotos/mini/corona-funebre-tradicional-multicolor-m.jpg?v=8d958e95,https://jeronimosanchez.github.io/petal/fotos/grande/corona-funebre-tradicional-multicolor-m.webp?v=8d958e95
Corona Fúnebre Tradicional|Multicolor|L,corona-funebre-tradicional-multicolor-l,final,https://jeronimosanchez.github.io/petal/fotos/mini/corona-funebre-tradicional-multicolor-l.jpg?v=b3f51893,https://jeronimosanchez.github.io/petal/fotos/grande/corona-funebre-tradicional-multicolor-l.webp?v=b3f51893
Corona Fúnebre Premium Flores Blancas|Blanco|L,corona-funebre-premium-flores-blancas-blanco-l,final,https://jeronimosanchez.github.io/petal/fotos/mini/corona-funebre-premium-flores-blancas-blanco-l.jpg?v=0ccfae29,https://jeronimosanchez.github.io/petal/fotos/grande/corona-funebre-premium-flores-blancas-blanco-l.webp?v=0ccfae29
